i,mean-1-MGVT,std-1-MGVT,mean-3-MGVT,std-3-MGVT,mean-1-T2VT,std-1-T2VT,mean-3-T2VT,std-3-T2VT
200,-84.09760543546041,2.17637536163586,-85.34157882806392,1.3488387958895496,-82.85988599888567,2.5655380767188096,-82.04185778609214,3.0121842844842024
400,-83.10591186270659,2.036165909785971,-83.40348819592177,1.998215964622783,-80.92401676912624,2.6329874235488435,-79.98577630012653,3.0596995615805107
600,-83.1026160482698,1.790802452099083,-83.20484105673421,1.9830387515648988,-79.99780672199326,2.367719120148271,-79.93425572210009,2.709272854790363
800,-82.97475084449864,1.882619178907754,-83.54592737607929,1.7674835257379946,-78.47923108738546,2.4158085390763104,-79.73908590068675,2.393130342371304
1000,-82.26861000919713,1.9099790655855695,-83.13056205911828,1.8238567482847288,-78.8077491105088,2.2291111758380926,-79.59047453767275,2.2379559650944363
1200,-82.01157480792203,1.81916980814171,-82.9542898755584,1.8431052922452065,-78.79452749365647,2.0856367542176755,-78.76805533283635,2.2414573506515363
1400,-81.97071555843915,1.7426100085686909,-82.99014212614193,1.7821886600495547,-78.4995702238054,2.159237240822036,-78.89862535059859,2.155021136449954
1600,-81.92032311425811,1.7096033004139841,-82.75856047423356,1.7977696829364918,-78.2810762533266,2.1167115708452284,-78.41712385663969,2.2257664456434716
1800,-81.9885386623401,1.7006652184752038,-82.77914463687884,1.7995265478732383,-78.36592055325566,2.08752694697357,-78.33943070794406,2.2655910770685144
2000,-81.94331580620435,1.6755074840496746,-82.65938688206359,1.8512715150286352,-78.30388351325053,2.0320787520969077,-78.4097452303986,2.249220177116075
2200,-81.86803773404944,1.6981513675949358,-82.5783540251647,1.8783056304769497,-78.07570348857686,2.0846694183160506,-78.55894441014605,2.1965478530853813
2400,-81.95636586481658,1.6385983465763259,-82.62818677396208,1.8646376480662294,-77.90536286076167,2.101762669465796,-78.68229647338164,2.139406119487607
2600,-82.02438738255404,1.6312411124244064,-82.4933403012093,1.9232349313211565,-77.83489389257747,2.1735321026740793,-78.68370138063852,2.131825367222009
2800,-82.05967755139675,1.622208079584163,-82.5669026599601,1.8883754325959856,-77.8241344098916,2.1633164906412876,-78.71560089364573,2.13566244399395
3000,-81.97265079681794,1.6487341454407944,-82.50620472246787,1.8974889744925054,-77.79330310306203,2.1433186206445747,-78.52346120549217,2.152725674135297
3200,-81.92669272926945,1.6722173947893262,-82.44564102404675,1.8741601888219277,-77.76247814234495,2.163811770373084,-78.37824740302133,2.129707897315996
3400,-81.8737286703485,1.689826799876791,-82.41524850467776,1.8822860042233618,-77.83783225966384,2.154191031842588,-78.24805227297612,2.133267665806088
3600,-81.82610753346789,1.6902240273729803,-82.47752922479867,1.8616298422457331,-77.73079180914763,2.173894050389113,-78.18527114521572,2.1553635249894576
3800,-81.8170202166918,1.7030011339937607,-82.47698492588076,1.848774690402856,-77.5792203874843,2.184376389722591,-78.10902259108259,2.1687202871127114
4000,-81.80498325945312,1.7015786354445093,-82.43768898746455,1.8441412861123463,-77.42859126987892,2.1980460743306374,-78.140139861535,2.163216546311793
4200,-81.83299154111579,1.7110419604836213,-82.47272926453165,1.8213238424942588,-77.47139517059193,2.207046148596792,-77.97898450711321,2.1950490975924937
4400,-81.81582515752748,1.7093650903718831,-82.45977136896319,1.7982055690247496,-77.40942421505746,2.215640474293318,-77.77871641422968,2.2299311028583535
4600,-81.79236079404583,1.7097443366921614,-82.42085997284154,1.8065152418392725,-77.300246739702,2.2288805320538505,-77.6799699661061,2.2464397761685575
4800,-81.72127830756402,1.7461749157551025,-82.4351289881423,1.801218688508963,-77.22515976822442,2.2479508714061334,-77.63165125581217,2.229171369795577
5000,-81.72643186257326,1.7523477356839197,-82.4210532122681,1.7967571036339347,-77.11870673562329,2.294028718304444,-77.44860086800634,2.2591577198165687
5200,-81.73365938271208,1.7587242451791987,-82.36819332910136,1.8119901344390157,-77.11228693939121,2.317686791482676,-77.35497745927964,2.30155913437892
5400,-81.59725453738339,1.7758228524181328,-82.23671455271098,1.842986107052823,-77.04414663819021,2.3245348425211585,-77.15655670564848,2.3498632456288258
5600,-81.60445406303522,1.7811063825994218,-82.22460772976319,1.8336483220214395,-76.85794652479991,2.361887716619894,-76.98788468984161,2.3733306348477456
5800,-81.55720988379284,1.80797515003477,-82.18789675069493,1.8298195066646492,-76.82170766170317,2.358472625533556,-76.87598662400843,2.3945907490189873
6000,-81.59630466271459,1.7825377372036317,-81.99414321039097,1.8479119032877611,-76.69483023402559,2.3874077129587676,-76.80694819303763,2.40551916862296
6200,-81.61408480357632,1.77438776962146,-81.93665065240435,1.8626566111320577,-76.56567896056316,2.42151647403724,-76.73178298611386,2.4352014551678858
6400,-81.60690399803521,1.7678478735136829,-81.8492348988204,1.8956693699881297,-76.44949711096493,2.4303280345348957,-76.56304068403485,2.4943320628062544
6600,-81.60323221809003,1.7784886380941016,-81.75314348968008,1.9220751251168355,-76.2815373312622,2.4798488623883634,-76.4108893924576,2.552474037024521
6800,-81.59188811459717,1.7749516846545355,-81.76138311864523,1.9099918846755601,-76.13825822879723,2.5248151328123254,-76.33934421748828,2.566051823893496
7000,-81.56336949710244,1.799619715167068,-81.71147963658575,1.905285907618209,-76.0083286558142,2.5536656187508266,-76.16896282235983,2.58519186155592
7200,-81.57057743915271,1.807477611805184,-81.65725746231901,1.8965707854667504,-75.87360292362712,2.580058121557084,-76.00460638122202,2.5935005781747003
7400,-81.47879909719012,1.8443978625268926,-81.60371121680855,1.9142081846594257,-75.72362442285977,2.596067276437994,-75.86037600443844,2.6282914204830132
7600,-81.38853593695409,1.8732248995565024,-81.51485142236317,1.9489300861561143,-75.7170485144303,2.591128404608955,-75.67757014274711,2.677139389860885
7800,-81.29281789473343,1.9013817123809889,-81.42420836570939,1.9458817355606999,-75.62192626143013,2.6263807578541805,-75.4860740255711,2.699862481750616
8000,-81.2971572125646,1.904590883879685,-81.34841784419521,1.974996053430854,-75.58328544186662,2.649215085686594,-75.3484076258069,2.720346791264825
8200,-81.29259546148239,1.907870501055691,-81.25531321252971,1.9798837433691316,-75.43940201563619,2.67628284064712,-75.25042955309556,2.7309404909103985
8400,-81.29382726387458,1.8919395189926556,-81.20342874226765,1.9970554682363404,-75.37057089326247,2.6715097958279146,-75.1152515301642,2.7393699413543975
8600,-81.27355408350648,1.9020294126004536,-81.15210837646367,2.004853984607559,-75.28403845088681,2.673077915498275,-74.93083279339231,2.780749424744402
8800,-81.19020929276408,1.9226828256361936,-81.0953099272163,2.009373316138083,-75.17302355726216,2.7014423543746746,-74.946996241438,2.7560588797541494
9000,-81.11385269689744,1.9233546694018653,-81.00283621622668,2.0383752428949724,-74.99654218346087,2.7232177160856224,-74.90628294656493,2.762308903341608
9200,-81.10429140222607,1.9243235080747838,-80.93580214253274,2.064276292807336,-74.84134475626544,2.7596822863368424,-74.77678525086581,2.772782254177491
9400,-81.07318551792831,1.94396618130247,-80.87403092701693,2.0611454459268193,-74.70059244421573,2.7786306902888644,-74.66273892185481,2.7875097307400165
9600,-80.98315710058044,1.9588283844888699,-80.80566850064443,2.097430063534374,-74.5592448302356,2.7902776213890093,-74.48947755575651,2.8148170834742037
9800,-80.93700125154137,1.9756868504576062,-80.6717298730202,2.140708499951739,-74.52887263805785,2.7994884215743534,-74.3752830561783,2.813473142174458
10000,-80.90812561519694,1.9816609969740102,-80.6035038767334,2.15162318963374,-74.48765242320611,2.802981093957716,-74.45137014454727,2.801684414180403
10200,-80.76720136716341,2.032268566655022,-80.40102876532485,2.2227753360593874,-74.45814247296033,2.811179284970284,-74.39143767735165,2.802449383485164
10400,-80.68325470224748,2.050039317973393,-80.31595925418581,2.239904297559243,-74.45812716372072,2.8139742914696204,-74.21876146049185,2.8144996659515837
10600,-80.60437737143873,2.069326736825453,-80.1640301296572,2.2790233778936346,-74.34839759279762,2.844663174241809,-74.12049854110145,2.829462140600801
10800,-80.58709486052501,2.0750487284449073,-80.10205134178774,2.2909347749279894,-74.23902435401996,2.8568009281763764,-73.99617721547604,2.839636491943878
11000,-80.44729853271102,2.100287303486518,-80.01368583792899,2.291543817946457,-74.1641664051533,2.8648875139120675,-73.84989674680094,2.8592678146367443
11200,-80.48615978754442,2.0851202033401735,-79.94186860625229,2.299771638107725,-74.08718465618983,2.857702606506993,-73.77229900910787,2.8488143575607916
11400,-80.4321570657406,2.0869946137397664,-79.85832803037638,2.3193718577866083,-74.04337608934178,2.8505899350813424,-73.68989519169446,2.859986503988131
11600,-80.33051918349827,2.0967645093224387,-79.72944999691119,2.353190829618465,-73.97536167636265,2.8653281526077468,-73.6620451272495,2.865885091878494
11800,-80.2020975985717,2.121076646307044,-79.6786357280809,2.3456598897912464,-73.87578751863913,2.882012544992871,-73.56692112752789,2.856759195779218
12000,-80.10394142909813,2.1409519389738265,-79.57332388274823,2.3579620635124185,-73.70251618826317,2.8801215273403202,-73.48979786433264,2.8495487727879723
12200,-79.99629200767384,2.1753489238849295,-79.55566994002838,2.360685590191314,-73.62900596841027,2.8710554778634445,-73.34825587151308,2.8329960511757015
12400,-79.93823814060315,2.197752043830137,-79.44037018608422,2.4017062030304936,-73.57222299628386,2.8734590486031446,-73.2981451901584,2.8469839085220605
12600,-79.87448990946973,2.2104111357184504,-79.38670043528477,2.4197307300284576,-73.45824469785067,2.885746931743387,-73.25007521583206,2.8439253965612674
12800,-79.79249081934664,2.2257639971375633,-79.31989928558228,2.436305258679533,-73.33212717814517,2.8821052347227836,-73.1526937794911,2.864692838107028
13000,-79.75000428290987,2.222559208665159,-79.2783697163277,2.4371129292709863,-73.28410420389153,2.8820421239553196,-72.9744918492187,2.8852694034819244
13200,-79.64437112874221,2.247767703138106,-79.18278648738978,2.4795717685281295,-73.23239640099406,2.904473780366462,-72.93418498967071,2.90294630894348
13400,-79.59618410420276,2.243474574554927,-79.10191002649954,2.500027126459047,-73.1658262628189,2.9153424315405765,-72.8535986203655,2.9150870164638407
13600,-79.47999255789043,2.260287521540229,-79.04671908346546,2.5132919615606317,-73.07092010996507,2.939360116152326,-72.6455446207664,2.927066357462309
13800,-79.31426659798701,2.3087426051177133,-78.99433389675704,2.526374325758006,-72.91009781619529,2.9653773727701536,-72.56380671717109,2.9539570652433933
14000,-79.25524760654156,2.3302885408111034,-78.97563286970335,2.5246786910221313,-72.86057269091285,2.980677691653536,-72.53304887748233,2.96009396618582
14200,-79.04983257595143,2.378476900586839,-78.87888177563491,2.538738933472831,-72.87039187670334,2.99371665374486,-72.43937694946916,2.96648340871344
14400,-78.94646375658206,2.4109886604305175,-78.82221408759935,2.54792279234561,-72.84609721516466,2.9926590970586875,-72.39660592055091,2.9477864609553657
14600,-78.81776565394325,2.4409886818224273,-78.85108110357716,2.5411614179024467,-72.77526669339277,3.00759547710522,-72.24104539429126,2.9622566424418535
14800,-78.74315547502519,2.4622051567017955,-78.8151698239009,2.54607640916401,-72.60864213617559,3.0170172398268553,-72.14965905177755,2.977944817460013
15000,-78.66747074022216,2.483741127005468,-78.79762596740599,2.543431612926827,-72.52370828170409,3.025014003324131,-72.00726698523385,2.992063019470878
15200,-78.63413046052285,2.47619089017023,-78.78390110099848,2.5351487457902855,-72.37703521242092,3.050113384113821,-71.88461080816555,2.977480382930691
15400,-78.59095611841575,2.4854994772869836,-78.75306171855819,2.546858011711883,-72.31065449243472,3.077327325413867,-71.85912955342425,2.999920405646751
15600,-78.44156354752637,2.5173360667778866,-78.81848933519277,2.5231123997533365,-72.24633342740258,3.0726504352044777,-71.66190824204904,3.0239345695908613
15800,-78.41953434850208,2.5155605862073367,-78.73211246769688,2.5510647842518,-72.14214463163522,3.0950545440309405,-71.66050965585198,3.0258575825885816
16000,-78.35876335899087,2.5264532261980706,-78.61295959021714,2.572749404198106,-72.01035210245213,3.109786076044056,-71.55810290755882,3.021942713042265
16200,-78.24090452682418,2.559391733449129,-78.56011398762725,2.5810977176174386,-71.90281274235122,3.140841607123721,-71.52369668198777,3.012979273147538
16400,-78.09109889188768,2.60058082428969,-78.53652967725274,2.5872367897705324,-71.72243008649474,3.1412468389261274,-71.4545032842797,3.01817158221471
16600,-77.95826851476988,2.638115609025732,-78.43660525411998,2.6219596863818606,-71.73686063980786,3.1289801892484768,-71.45788752252729,3.031037750399496
16800,-77.87211676436941,2.645445602899976,-78.39815147766794,2.638717100173656,-71.56627803895864,3.1418509092920437,-71.38519054505241,3.0426949910995518
17000,-77.71111269096977,2.6907167947570008,-78.44472287147583,2.6211856371555546,-71.40754876884814,3.142819694627451,-71.255243262747,3.0547115552793076
17200,-77.7081605043846,2.688931652298811,-78.38221021043186,2.644641971092995,-71.42172410350376,3.112877735662942,-71.18081510031337,3.050968776199358
17400,-77.56229918919203,2.7256313360877966,-78.41238899705614,2.6373434992415845,-71.3249240582533,3.1261662496821963,-71.05463549286753,3.0589807422720843
17600,-77.46511161919503,2.753645740412004,-78.34807706107341,2.6619767664787344,-71.24130465480235,3.1211847554126138,-71.0452456164632,3.056910463847969
17800,-77.29988641987852,2.8042718421121506,-78.26773631684776,2.6906745843360826,-71.23760756551073,3.0966068511646405,-71.00795588134635,3.058434551041896
18000,-77.26850919194513,2.8213636225076515,-78.25236401412572,2.691256641842354,-71.18846456308798,3.088564570923522,-70.76341753557917,3.089062344312998
18200,-77.16297636217071,2.8418867045518046,-78.18029671641136,2.70200901268007,-71.25164961687435,3.0511698130430416,-70.66697442398471,3.085808037664902
18400,-77.07983652323465,2.865623934467826,-78.18553032860154,2.7029908657245314,-71.1737772123487,3.0607865725878436,-70.51744290992741,3.1273638347752395
18600,-77.08011017683747,2.874551508773779,-78.193939306235,2.699290826768704,-71.14988863347456,3.04378746190583,-70.4991764446868,3.1383458821638337
18800,-77.07172038609562,2.8735557109290983,-78.2170431896572,2.696936905216984,-71.109031800543,3.038424453450511,-70.53335620031685,3.129149537899265
19000,-77.00059068453612,2.892341397825146,-78.16355542838767,2.7186769419305348,-71.0223587232484,3.0340944855115852,-70.45288431060094,3.128486369827232
19200,-76.88917198924018,2.9172524373661948,-78.13015035019697,2.7305522201332675,-70.81828861423814,3.0384991371828183,-70.50489965642754,3.1177657027334758
19400,-76.85107902612113,2.937348336581246,-78.10376910813828,2.743133056675141,-70.62530535078778,3.061126460401215,-70.48031338297753,3.108951626070226
19600,-76.80566207454777,2.9472806314363824,-78.03146427812503,2.7599024499179396,-70.7097920397949,3.0555060427047187,-70.37147899419291,3.1102237295123984
19800,-76.82414028290667,2.9327999067311676,-77.9960846070992,2.762676015513151,-70.60013260000646,3.051651792768993,-70.40601226940844,3.087888084870896
20000,-76.72764414570877,2.971719098745152,-77.92778104566322,2.787579773928845,-70.56532608527135,3.0688241405349146,-70.37550518003508,3.080373131658325
20200,-76.75319582908152,2.9821457242778933,-77.88956119002178,2.7913017016205157,-70.60431360203101,3.0684760028500815,-70.32354915493666,3.0753767878437177
20400,-76.72471845436124,2.982114538197363,-77.8544351113833,2.8155911964913547,-70.52978804014077,3.065615930996078,-70.3551228230861,3.0694488352238603
20600,-76.61825827857353,3.0127003251766924,-77.79057247354027,2.818683097397348,-70.35093015317142,3.074466243634035,-70.31050678853805,3.074338206718109
20800,-76.4855709864119,3.052597979866403,-77.75657488177266,2.836377710301709,-70.3592519180322,3.0574125007729775,-70.23540600986269,3.0815307944354426
21000,-76.50613439301736,3.0405783584779376,-77.74643319568952,2.8285356195806117,-70.31730426468876,3.052262041114884,-70.08831818397022,3.093024312643121
21200,-76.56735056500155,3.0237357703576926,-77.72718285713034,2.8355093439892034,-70.20035461808118,3.0504161132943635,-70.00951972555733,3.0855507128876005
21400,-76.51967870628478,3.033260250547612,-77.65800271347389,2.8506076915878413,-70.22596225895201,3.0376644479494237,-69.97052829049183,3.0750580342220197
21600,-76.37960021708486,3.062084545038071,-77.63876954469936,2.854952351093773,-70.20505619399727,3.0299493501766634,-69.98683578055733,3.072285700752391
21800,-76.3312072833417,3.0649219870378377,-77.59638937956207,2.866128641910013,-70.20736363678317,3.036509675507661,-69.97392159570364,3.061657113727953
22000,-76.27722963054629,3.066663002652482,-77.53973263477172,2.87808146974868,-70.18241563567221,3.0439532145486194,-69.9076998465627,3.053487583010107
22200,-76.17160978736463,3.0761044008570644,-77.5470427814584,2.8631579937513236,-70.14552885532952,3.034536441990039,-69.8010880935572,3.050815583473013
22400,-76.09830841636682,3.082836078644913,-77.59715573207683,2.848018507423628,-69.97551057198511,3.067264549006237,-69.67806819370621,3.045683246113134
22600,-76.03321017844326,3.096474249020403,-77.64834389121468,2.832559007284882,-69.9164786355755,3.0744690147166756,-69.65547764074604,3.0558103798629617
22800,-75.99780077779366,3.0978742388741254,-77.57353250292876,2.8581594140877455,-69.919069549213,3.080967719069679,-69.63589424582567,3.0616974499686105
23000,-75.93518697423339,3.1120318132717504,-77.56235212858589,2.8565406839108127,-69.86056891188231,3.1056110108558865,-69.53307736209857,3.064656749862113
23200,-75.89523951111128,3.1112899294853236,-77.59178283005436,2.848598189921871,-69.89889400956497,3.0816432539220764,-69.36261864567263,3.0599794327021934
23400,-75.91173117316923,3.108322359762247,-77.56568193913542,2.858909792002853,-69.83088388978891,3.104800198264137,-69.37287292142445,3.06166696865474
23600,-75.82834146593653,3.1121624627085938,-77.49690512764764,2.8739953086828107,-69.7352840458348,3.093186212561841,-69.25560789022171,3.079791031489155
23800,-75.83376082548813,3.113824119728529,-77.36036237411143,2.9001773916943767,-69.69128172675515,3.0938573912346556,-69.23077957910161,3.092004592160685
24000,-75.81940644209217,3.118613023954284,-77.33924506154338,2.9111246432859064,-69.73402991258288,3.083963683640689,-69.18774521860446,3.0731795938850155
24200,-75.67090045832568,3.1515885344876726,-77.29925220732808,2.914697542785074,-69.7524405909392,3.079042633186755,-69.09135442626804,3.098293616428116
24400,-75.7304969176324,3.1254957807479467,-77.22225948404848,2.930052256257701,-69.78570046845661,3.0644657132416913,-69.03632788844561,3.1091354419017945
24600,-75.70221754837438,3.140013298808662,-77.15102324314701,2.948484661969591,-69.71054469255714,3.0510939623116324,-68.99022351834054,3.0958343521575933
24800,-75.6610004718043,3.1516427477981215,-77.14697232288958,2.9560641434200514,-69.69081224809695,3.052733942922717,-68.88101902589028,3.101674551282225
25000,-75.61316928455291,3.157368120626858,-77.14377129795398,2.9592369282067925,-69.60739124934712,3.057741243843207,-68.85098838588219,3.0910472485557308
25200,-75.63338220567384,3.15015825404042,-77.06871165559505,2.9939208932947103,-69.52069775739945,3.065487963586063,-68.87927870401678,3.088660793718158
25400,-75.46186561938411,3.191544176689402,-76.97151065044906,3.0258758050350236,-69.40906682466712,3.0609904911043864,-68.78789250274372,3.0985484572173374
25600,-75.39471011546239,3.2101396347776086,-76.96431534045873,3.031217558972248,-69.39218418365132,3.063385685377807,-68.72140604749872,3.0926632674079717
25800,-75.40648098142884,3.2159198214891673,-76.92979408179127,3.042991311816963,-69.35542825656188,3.067070817692936,-68.72092541786049,3.1015007784903292
26000,-75.40573103613761,3.212807945153127,-76.94882710429611,3.0384291620786352,-69.23872008469294,3.0615227256498967,-68.70950138769456,3.1080792747467054
26200,-75.40005832184457,3.20175479918623,-76.90794754166242,3.046726229394671,-69.15257000805897,3.0772726328660562,-68.54143607216454,3.1092975801703995
26400,-75.35428841918967,3.206470234138982,-76.87043727441849,3.0605648602605964,-69.06151987005963,3.0800940738629814,-68.43265141054616,3.1093647752490967
26600,-75.30871426519967,3.2079415159524864,-76.92398491200592,3.0449768113954265,-68.94890059989704,3.0809286817730173,-68.41438672263934,3.126249778761986
26800,-75.21737833708418,3.2221685279184396,-76.94986694467394,3.038381831704401,-68.87863091170684,3.0788787531511104,-68.33470102793497,3.127609238471157
27000,-75.1894696417592,3.2259923763659337,-76.94221527511478,3.0460431991710677,-68.86791824748533,3.0872247854051094,-68.31589330380042,3.119995122777212
27200,-75.14796188178441,3.232072879595612,-76.99907239261766,3.0244486175784773,-68.78346768472403,3.11482878592451,-68.20991516663655,3.110284623011428
27400,-75.21782596066667,3.2035526308748943,-77.01400526693845,3.0204101129860166,-68.72654349338717,3.100857449753273,-68.23664198204048,3.094132105674051
27600,-75.11744342928586,3.225667897359365,-77.01080126924,3.018571444582277,-68.75073784100941,3.112835082912605,-68.19362618509436,3.0945517968472354
27800,-75.06758870481363,3.2285606158385622,-77.05870608850275,3.0074029802761046,-68.76386631017215,3.1166728625097617,-68.21845898134666,3.089036114359845
28000,-75.05128559913177,3.2350463878433318,-77.05608902060523,3.0051227868003187,-68.66969734520808,3.108027503237139,-68.17417913792234,3.081297319473082
28200,-74.98015973648953,3.254728742438768,-77.06780461959279,2.9995196108339583,-68.52365559755101,3.1403835373418802,-68.05466065316853,3.0764595483178607
28400,-74.95561504838793,3.2572093913334257,-76.96410053644871,3.0265372390847163,-68.48498557487808,3.139538657406373,-68.08348151140332,3.060164405401281
28600,-74.96510892768185,3.2382178127378376,-76.95150556427205,3.029785364428435,-68.38402290819141,3.1542856674960262,-67.9804307560356,3.0820503107907786
28800,-74.93646013412297,3.246769655638743,-76.99403737344686,3.0188546046536535,-68.4150460928139,3.144293215600108,-67.91279556756348,3.0822364317278446
29000,-74.87799432904109,3.2587735050269493,-76.8677878385735,3.059686456421907,-68.36297045471628,3.1324077534484127,-67.99345171014718,3.0728649609947967
29200,-74.80170164960607,3.2731347535669286,-76.82938636297744,3.073518453364117,-68.39818957900152,3.1339214006136635,-67.97642376784856,3.0736819908836286
29400,-74.69846458475408,3.302049170428891,-76.73818722538972,3.093686289145251,-68.35222303889219,3.1345691042922907,-67.82313391704405,3.091497510740463
29600,-74.80795764106638,3.2739056537984093,-76.70704481336178,3.0876544913181436,-68.37051253352246,3.1210260413429327,-67.71511780011731,3.107773580359773
29800,-74.77979136409158,3.2808732000414396,-76.75385925519753,3.0650428510142964,-68.23345107734723,3.1289900062340146,-67.62337559033216,3.1040718498110693
30000,-74.81727843988376,3.2623898632876442,-76.6865391538752,3.085867963421987,-68.06816837207474,3.1408835758060696,-67.59688399507445,3.1125377932128524
30200,-74.82995253937457,3.249609732733103,-76.79561895015897,3.061563037299378,-68.00935768658495,3.1338804324393617,-67.57774274955504,3.1181238220616394
30400,-74.8100087912054,3.251540432330583,-76.76419180555489,3.0657166489693983,-68.00265820921771,3.113346468963868,-67.60362387789665,3.118352938848911
30600,-74.79558096545585,3.260931645003735,-76.80819780893304,3.0594805553697166,-67.86922461689961,3.123491120476374,-67.57182540168321,3.0992001802941176
30800,-74.78872006839369,3.260258650385995,-76.77580190068961,3.0720891121415805,-67.9367062957738,3.0994594308393575,-67.53742433266167,3.0902941119420224
31000,-74.76875727469695,3.249356885258072,-76.7691975278018,3.0704165825118777,-67.93238197038141,3.1092943677309948,-67.44569807577474,3.105331857030304
31200,-74.70415932729456,3.2735103549640567,-76.73328420540261,3.082279718717278,-67.91369458729338,3.1163569181399513,-67.38594278612821,3.100769653994293
31400,-74.63058399081568,3.2811799718250794,-76.72618032789899,3.080821944320231,-67.9375166484085,3.111462303385236,-67.30801632240379,3.1026898134899494
31600,-74.607296769569,3.282402690799544,-76.71239381555917,3.0865803755401715,-67.85201862968124,3.110906958801339,-67.27243130744674,3.1240075464715416
31800,-74.61383989855625,3.278862061172136,-76.67749200346398,3.1010357083968785,-67.86793885724639,3.1095271320643554,-67.26208891706679,3.1059631568112995
32000,-74.54438915859768,3.3008969799309775,-76.67879267017787,3.1015667918611074,-67.9220264147359,3.0953826499258397,-67.19182879554609,3.126819317980126
32200,-74.49152115451201,3.3145224641525433,-76.66856655243576,3.108920181095113,-67.86098954214661,3.097470514012453,-67.1581042411924,3.132513748493943
32400,-74.46238676024,3.3159713227753436,-76.69517042390609,3.0931747268942464,-67.77820072347414,3.1092201955712917,-67.04354686034792,3.140689827102467
32600,-74.42912794824925,3.3133276707421984,-76.66315614427155,3.0996354988640937,-67.78563559479306,3.1132759198026547,-66.89640025316736,3.1331850712497324
32800,-74.3830927863216,3.3205891028482335,-76.64878311762737,3.0913955110671214,-67.64168569135845,3.128124253946511,-66.89616618588776,3.139635374911376
33000,-74.36322441966782,3.3340126720562773,-76.57986549769075,3.113456331528252,-67.62361700138715,3.140903636690766,-66.83676612944586,3.1533667199257858
33200,-74.44436773959633,3.3208480937299374,-76.54228140023004,3.121162983330551,-67.65578973651932,3.149649516620604,-66.86568803943388,3.1439302687186195
33400,-74.31956845520524,3.33317478580214,-76.49883691692138,3.1351894347972373,-67.68108209233394,3.1649415442187485,-66.82531381213619,3.147555197450391
33600,-74.25441332179852,3.3491908502840113,-76.4591887600478,3.143159942935516,-67.52192086311825,3.1802103772569343,-66.73358022285842,3.153571334891874
33800,-74.22820045382893,3.355464271082532,-76.34980468682838,3.164421035071184,-67.45425682833422,3.174256795100196,-66.6509949283085,3.163238528119457
34000,-74.23270574167638,3.351761680253977,-76.32371832452046,3.16770151095899,-67.45679002923481,3.162917146049042,-66.65148021681436,3.1593358592553558
34200,-74.1687790913742,3.363625334067541,-76.22576065582466,3.195048387790915,-67.36863288833077,3.163696611446186,-66.74621585146652,3.135111658094541
34400,-74.15780979420714,3.369589211082082,-76.23667772634376,3.1827515851446107,-67.31297976032863,3.1687683324072937,-66.77937675003041,3.117173292641345
34600,-74.1048596351038,3.3758159550558307,-76.14677097390822,3.199021711520826,-67.40343121498951,3.1413578917114835,-66.68952598891485,3.1219967545220495
34800,-74.0799564598277,3.390276342724133,-76.14160622359033,3.1971707510537386,-67.34140291352156,3.154329630588195,-66.58763355791162,3.1261240641334536
35000,-74.0975603482142,3.3916964938879857,-76.12280033955,3.1993469515540074,-67.33810616189518,3.1441811460279716,-66.50321922379483,3.1349134981475557
35200,-74.04363531957317,3.393838528487456,-76.13631807199972,3.1957624445687833,-67.26992409926568,3.143438330834574,-66.36756557524818,3.1285720791171725
35400,-73.98060122002006,3.3995305118528596,-76.04201454856393,3.2243181968105987,-67.19536525391331,3.1491437441314125,-66.28675221624329,3.1367277024275304
35600,-74.02842057699203,3.3755137418151246,-75.91434338319624,3.263618115168006,-67.1212966573101,3.1638025470603948,-66.22835082261683,3.139906997153903
35800,-73.98987218080612,3.3869693412764414,-75.89858951258522,3.270975702772643,-67.18574628101271,3.1554921968264202,-66.21263760740624,3.1454845159338074
36000,-74.05817684318329,3.371988838284822,-75.86568125705725,3.2833649221641026,-67.18024358382195,3.1558606713744486,-66.30252368981665,3.14088078838343
36200,-73.93607131843038,3.3997466915765098,-75.84787287512387,3.285801411639681,-67.2470464794519,3.1488248430412424,-66.26887641066625,3.1388877909872535
36400,-73.97936503424631,3.3817757637663384,-75.83168778290842,3.2935228157331307,-67.10144479023825,3.1759861985803743,-66.30881752365119,3.1229797096731446
36600,-73.89370826185046,3.394528197619743,-75.76537766901887,3.3115247544878663,-67.14991855887135,3.1787469369296235,-66.28258826449489,3.1243694499112324
36800,-73.80121965293806,3.4194355262029243,-75.77803051569015,3.3090833933751327,-66.96140056252393,3.1757782966472896,-66.28000647683724,3.115315494299479
37000,-73.76720548546923,3.419168311983637,-75.7381655387227,3.315315551274502,-66.99221018954587,3.166724982824246,-66.35327211447392,3.106100418671271
37200,-73.76855842543632,3.4286103206267198,-75.67286812732533,3.331735615918085,-67.00484386156802,3.1668619259182904,-66.33026702484027,3.0924617162911634
37400,-73.7497688253344,3.4380688497042375,-75.65356166985603,3.3409364221061217,-67.09054837788142,3.1481511593062286,-66.34870494827989,3.087701239971843
37600,-73.82742260581594,3.416490744188033,-75.60905833883324,3.3487768807863207,-67.04931824424384,3.1529156197747454,-66.35856136558222,3.0959175450107903
37800,-73.9011896528987,3.402805129699474,-75.5875534253343,3.3477445579854592,-67.1041251457088,3.1350411094962363,-66.30374645012604,3.0980103912469987
38000,-73.86321533713706,3.399010161404175,-75.57619581590019,3.3396906911816107,-66.99651264138042,3.1242318386050005,-66.25102095254023,3.1050493157394263
38200,-73.87566271708529,3.4011278738359403,-75.56587049705462,3.3328040598653983,-66.93982882190322,3.1365250105454723,-66.20242260241325,3.1152832709405356
38400,-73.82786081973823,3.414620014375523,-75.53963551709596,3.3370998928676894,-66.91529072768704,3.1430484748367817,-66.15304816960574,3.1319965954504614
38600,-73.84872212699698,3.413373180118432,-75.47547404055545,3.3461762434610316,-66.961429633815,3.141332834700916,-66.15536129419291,3.123063341413969
38800,-73.80772668239614,3.4202966354902538,-75.41012428804657,3.3658108598538052,-66.93241387167883,3.156981980187104,-66.12613304761673,3.133608291719586
39000,-73.75634977238164,3.432451943020447,-75.48274698444995,3.3451459372568295,-66.86776732279776,3.1708603328717837,-66.16356519815825,3.1233580092138107
39200,-73.74678319178373,3.4266925700782718,-75.40346933221436,3.367555158772955,-66.8240163004463,3.16747552882725,-66.12893427806743,3.1455692152102954
39400,-73.68108390109987,3.4418016729371708,-75.43789991002761,3.360666163929227,-66.92768831736802,3.148465083829582,-66.02365095988684,3.1721429162967567
39600,-73.6715023176518,3.4443672048440117,-75.38183073407907,3.380955503868033,-66.92849610165746,3.1271334261866035,-66.06010193872163,3.1596444821515846
39800,-73.66751905380336,3.439792323438208,-75.40364332019172,3.373617845335954,-66.84474317098181,3.1202787504791005,-66.06414023116332,3.173474017474752
40000,-73.65522450400528,3.4457559096578634,-75.4716534746726,3.3554355000912595,-66.87804712086634,3.11250102304579,-66.0762302455924,3.1650306061549265
40200,-73.58750722781957,3.466492463616204,-75.39983653783027,3.3733364942087185,-66.83864274977546,3.107403396794932,-66.04528445138044,3.1726484976491736
40400,-73.61539484530799,3.4619811001357155,-75.37932552434954,3.3785305355952504,-66.86701456783778,3.084108976658846,-66.07767006761041,3.158352621088085
40600,-73.55052320520889,3.478633713969618,-75.3592191967346,3.382840569957637,-66.7383615315708,3.0867153517801795,-66.11740515185687,3.151822310757921
40800,-73.54917882680682,3.4748005549052094,-75.3699215360994,3.377404886169599,-66.67609175931034,3.0888927863405837,-66.11620988103371,3.152503653413817
41000,-73.41074694317221,3.508681267692832,-75.37545262306891,3.3728616186037024,-66.59572072129707,3.1000315209391873,-66.0446338498408,3.1683101967216456
41200,-73.3698753307116,3.5138192497727054,-75.35688799807266,3.373966437409242,-66.648742463573,3.08400557718054,-66.04419388918004,3.170222071854649
41400,-73.34402790180691,3.523076028598042,-75.34903957030477,3.3767681906842766,-66.49705902639413,3.1021493959953883,-65.91365058432524,3.1790832299958125
41600,-73.37367423166262,3.521258867742356,-75.44133419664696,3.3517844426887446,-66.43943996977283,3.1011049307133716,-65.9411625379436,3.174166966811925
41800,-73.39147824316555,3.5222439404555,-75.49486473630125,3.3278141415478566,-66.29790949342826,3.096914747224087,-65.81243337082955,3.1876556698394336
42000,-73.40629950124371,3.5155206630340694,-75.51980839338505,3.3163646730427216,-66.23261003143072,3.1065989116707895,-65.91733532328894,3.1679862717456992
42200,-73.43154872750755,3.5087401317905216,-75.53815561280766,3.3105567619032295,-66.13015061550539,3.108984608623623,-65.9368631896912,3.1444677829106693
42400,-73.38490897788351,3.516946004289575,-75.5819951053875,3.2971214373738253,-66.2017063453453,3.1135772912841064,-65.86057139428556,3.1503989450863275
42600,-73.33275358274486,3.532099952503773,-75.57762018954998,3.2952946266863496,-66.08873896103768,3.1339289457202417,-65.86596395701068,3.1489198957730378
42800,-73.34580267892011,3.5297420718797925,-75.62500405216454,3.2765709290614677,-66.03688836136797,3.138652662798081,-65.86249774470947,3.1489290867287774
43000,-73.35952803498277,3.5258253114756113,-75.56260757001156,3.279721888701332,-66.11551273233829,3.1271075628727023,-65.69655126329636,3.1550959547062885
43200,-73.4503970465796,3.501489238931298,-75.47721657503592,3.304313634074694,-66.08917419610448,3.127825053292957,-65.59441544793908,3.1671636749082928
43400,-73.44561799435891,3.5038571165464374,-75.44657690662322,3.3078000917765964,-66.039259478497,3.139104182005854,-65.58180583279291,3.1792571837917483
43600,-73.41901364789015,3.5119865153684637,-75.53877109054434,3.2876351020648094,-66.08483538137166,3.1309011845222137,-65.54161854102884,3.1770817569298218
43800,-73.46163571267766,3.5085523620681744,-75.51129232771083,3.284044941228491,-66.03944168755913,3.129558859280009,-65.49345423510513,3.1865387430811354
44000,-73.53846771151805,3.4963108982992037,-75.48788326760909,3.2931121528940484,-65.98876392547831,3.1426119664362266,-65.39066319262048,3.1777394711629214
44200,-73.51762117577653,3.5003268332036703,-75.44447650416228,3.292598523352892,-66.08246771548633,3.12784644231743,-65.31712063284415,3.20602760538857
44400,-73.50985872714213,3.4955711005870773,-75.45072595092104,3.2735789220581735,-66.06117664216295,3.133457349103547,-65.21492103614155,3.207030802878137
44600,-73.40128148202082,3.51463037514235,-75.43946495743816,3.274306692233996,-66.11343928319062,3.1321832904960556,-65.275963672469,3.192875102985413
44800,-73.42682415580306,3.5174759162853815,-75.36631780376929,3.284469268609598,-66.05890707751438,3.126321796441074,-65.31060360656265,3.186957261860664
45000,-73.34292419867619,3.523725138368585,-75.37987794523794,3.278109751222966,-65.94835193534274,3.1416655015162664,-65.30739282486579,3.1852666059121444
45200,-73.37956624498123,3.516572889818846,-75.34592462356686,3.2804389004854198,-66.03607772401475,3.1060472314937577,-65.29982961816432,3.1640610400391234
45400,-73.3354914533818,3.5228068414539124,-75.39336658363739,3.2641123274674406,-65.98653679224086,3.102963840114916,-65.30874638509154,3.1664253253698447
45600,-73.38569007266416,3.5037043618518564,-75.34301462120186,3.279698959861657,-65.99764809420896,3.106345937787662,-65.33671830518936,3.1688335042933757
45800,-73.19923320899557,3.5471159853127663,-75.35039525796685,3.278027515222364,-65.99446515695814,3.1111673306716967,-65.30422347332862,3.1691550237043993
46000,-73.1748520214486,3.563018544393357,-75.35285253233795,3.2716972560158974,-66.01078320637164,3.1076271819784367,-65.09600020701754,3.1995323774946014
46200,-73.16510935176807,3.5786585015964842,-75.36869205130246,3.2654985340097595,-66.19809849715968,3.093370171321758,-65.11074261377759,3.2076445019370374
46400,-73.10402388959045,3.594534260561879,-75.3611155167037,3.2698917380987633,-66.14876586408059,3.096131729120435,-65.16161898652486,3.2007662370543364
46600,-73.05991813928489,3.604286960383366,-75.3160786643342,3.278896408904849,-66.19966063315007,3.0846484555673426,-65.0319029023812,3.207567778566285
46800,-73.05433147538582,3.602046776264778,-75.29109484961445,3.288059196286148,-66.06975675974724,3.0835323645053476,-65.06548507350647,3.2078368012478142
47000,-73.10661517351886,3.592832861011134,-75.19968112063631,3.2967911151105973,-66.08259869867459,3.0701433538858804,-64.96885172999329,3.2071524769045463
47200,-73.06048399046198,3.612966641928473,-75.06177169310216,3.3299485354298546,-66.16326000840998,3.0560822503016913,-65.02350608244629,3.200735340963933
47400,-73.04192442938403,3.606976797795365,-75.06182192415669,3.3270206270404676,-66.10935091996627,3.067900559818852,-65.12969432338622,3.186359439356165
47600,-72.98627888605225,3.615745304658721,-75.03731556390389,3.329947355874241,-65.97993048864863,3.09403390335221,-65.21266388972258,3.1767890784357666
47800,-72.92566873276523,3.6354039013356747,-74.92620099453127,3.3470542126236222,-66.09672836505166,3.0825166437297855,-65.23214562549364,3.1724462604477623
48000,-72.93485887483729,3.6276548518726064,-74.91127603676647,3.3518981515574082,-66.01172508333536,3.0893525406791946,-65.15962320669104,3.1813954095619463
48200,-72.91332241274007,3.6369428082507307,-74.9294652576047,3.344575888359873,-65.97258590902871,3.095579131170716,-65.18638672308899,3.1655274075410476
48400,-72.90365945659882,3.6356061004504108,-74.9258329485606,3.3471944839904766,-65.91704444714581,3.120624774450424,-65.27492288902286,3.1541064056891743
48600,-72.8662486869717,3.6310851923205463,-74.86254875755156,3.3631479329638094,-65.85019540169993,3.124946887780014,-65.28707145571836,3.151439851073201
48800,-72.86850901602287,3.6373848708469434,-74.72376455020748,3.3944192628437264,-65.76081554025764,3.1431386620539308,-65.24887493876253,3.1670366650785327
49000,-72.84139432499332,3.635420622559999,-74.67757047234272,3.403156865305166,-65.7964342836151,3.1314783653179297,-65.22671268381843,3.16738353100094
49200,-72.78741994956019,3.6358009523207633,-74.67158241996597,3.400486404734078,-65.77525854002573,3.1202152149649893,-65.16489467221635,3.168144772018607
49400,-72.70692597153793,3.6535377062664978,-74.59422215511708,3.406902296310551,-65.7662196169669,3.124535900878272,-65.09155339212279,3.1822970216538606
49600,-72.74120404102078,3.6407380695208893,-74.63165319406993,3.3884290845243394,-65.75498991896593,3.106432549943752,-65.06144326981284,3.185349854872815
49800,-72.74245594441126,3.6353035959541935,-74.6129748914013,3.407754118327519,-65.74990038093074,3.113495050062446,-65.07027301758274,3.186016134743867
50000,-72.7588929894797,3.6339743789763124,-74.60208916537039,3.4151687732020024,-65.72530974480549,3.111743343994556,-65.00562844681652,3.1909019667754204
50200,-72.86052083255883,3.614681748115082,-74.60795084487037,3.4158814838834877,-65.67257830582075,3.095216680499557,-65.01527606667281,3.1922416731924685
50400,-72.8829414220475,3.60341338968518,-74.49598976333851,3.43425446301899,-65.66337458300137,3.105895964011718,-65.02273691208704,3.2036829543788095
50600,-72.78299617722153,3.626078595797231,-74.5170585908721,3.4196835500203497,-65.73493011954807,3.1081795810374975,-65.02221664204288,3.2027062217817086
50800,-72.85863936083516,3.609574024029637,-74.54860453930326,3.4011612187410516,-65.6764841877906,3.120664486794447,-64.97539347044827,3.207435099246441
51000,-72.91393487517827,3.597033237530071,-74.56923331004401,3.3932157278061927,-65.70000820622421,3.1200010014420676,-64.99209935041051,3.204643721126255
51200,-72.79424285669774,3.6279580249618735,-74.60703242024044,3.3868935663244795,-65.62768914523221,3.1150096352989913,-65.07326531198794,3.1859592272649726
51400,-72.81208367954584,3.627812815608486,-74.65341055948062,3.3784691896734684,-65.55374455306789,3.1168240723175953,-65.05680253771996,3.200413502942471
51600,-72.7541714799911,3.6492449933130113,-74.61100725189202,3.3939167599948927,-65.45113885101775,3.116092929577812,-64.92907905696882,3.2064353147641205
51800,-72.67804532457066,3.6648804226531846,-74.58593110434194,3.406333263486916,-65.4720305117301,3.1068459961175856,-65.04404994708162,3.2002707975673146
52000,-72.61621954005929,3.676116672408126,-74.58126609017847,3.411028418601697,-65.49103248968925,3.0978267635790853,-65.1023240520086,3.2027219608006425
52200,-72.64117034408373,3.674387943476443,-74.55720289806487,3.4025256994698307,-65.45496258134202,3.1052709147980893,-65.00570948582705,3.2265928754043616
52400,-72.58067728747973,3.691662911506399,-74.4958177316775,3.408283663873189,-65.52734095496893,3.0874375421834253,-65.03312309140242,3.2237363496339286
52600,-72.53093811585734,3.712996724398551,-74.39758446402772,3.429916174647457,-65.61018203377343,3.080980263082608,-65.02527000471537,3.229294915019947
52800,-72.54859675143578,3.7168228811363937,-74.40408645187078,3.4321044795968048,-65.5137795950221,3.086531125480285,-64.98040745946994,3.229545234077254
53000,-72.52939158731557,3.716573101794969,-74.37187566900873,3.4418923885317083,-65.45994297290572,3.098669310001077,-64.8629620570609,3.2383059083817547
53200,-72.49819322414626,3.7239232896314056,-74.33480398364117,3.4518508007997153,-65.4856007807646,3.1040203264096387,-64.8538981281972,3.226008295690367
53400,-72.48959009066222,3.727179072858272,-74.26185286786895,3.468826974298343,-65.58443141714078,3.0919873440697714,-64.70110189789439,3.2353277895100687
53600,-72.53957203902029,3.724593371907161,-74.36750642187886,3.437971836390714,-65.49102553583289,3.0988680301972114,-64.70919696382498,3.238205890878293
53800,-72.5145841152645,3.7407102684298867,-74.46918433895968,3.4176845203777475,-65.49005659961065,3.102134531478158,-64.71959550599796,3.224619031470267
54000,-72.5557048814739,3.7268667663381234,-74.50088860645258,3.4000911978621806,-65.32895917807012,3.114103105288246,-64.75762390313976,3.225055544992895
54200,-72.45891440272403,3.741464045433534,-74.45607710075765,3.4179944703761183,-65.31728237713571,3.133535395866756,-64.66188022811251,3.230623054894991
54400,-72.46354760163138,3.748558421505541,-74.4807015757699,3.4130254139418588,-65.232255251278,3.1460626276571513,-64.70459210577015,3.2256974042758553
54600,-72.39183123131927,3.754306629152807,-74.44627379021304,3.421113559705191,-65.19301621270984,3.1508205577747836,-64.5814724532281,3.2369651344444543
54800,-72.3703164197812,3.7605593365809034,-74.48418444680938,3.4111618037802742,-65.14288636578507,3.160000800607796,-64.55113936488979,3.2554850573391656
55000,-72.33491734666515,3.772328876272657,-74.55326648738622,3.3905270748144427,-65.0264627624444,3.1772762566092068,-64.5810131536928,3.2415167780142036
55200,-72.29998192907253,3.7690959205450008,-74.54240461472837,3.3910534913651693,-65.10719045529414,3.16786277711044,-64.54690567900315,3.259756531525589
55400,-72.23128063129624,3.7804151235833605,-74.46952858067786,3.4075281700096998,-65.13066669507506,3.169216842644813,-64.51272709681865,3.261296172709746
55600,-72.16042987825008,3.7948739395014703,-74.43249424592028,3.4129229464949815,-65.00451397330447,3.1781946008654645,-64.41946676529318,3.2676626734325924
55800,-72.20823310862276,3.78195668318646,-74.39764562848598,3.4148018458885834,-64.95927476201963,3.1841128889040164,-64.41824876593924,3.267315253767706
56000,-72.18597157950533,3.7888585968756354,-74.33947522223546,3.431123429429935,-65.0299125369884,3.1905908885410774,-64.46372993843252,3.249499598189562
56200,-72.22451299542209,3.7867423388110955,-74.31850932866226,3.4399949066320983,-65.0705607118076,3.185073488093192,-64.45718590367439,3.250479432326255
56400,-72.27875466673764,3.7735132227203123,-74.3281726560762,3.440842684261273,-65.01778279827732,3.187841694737307,-64.41094574908381,3.2628356062128807
56600,-72.23505767237633,3.789167046638662,-74.31701254119606,3.456885109963211,-64.98824709054054,3.1956368083169355,-64.46416202755476,3.2670996296587176
56800,-72.2366675566757,3.780913680960492,-74.28386452303444,3.459572256682727,-64.99161325185503,3.1876593465733305,-64.43509169228601,3.2566061228659784
57000,-72.26018641016927,3.780206410766554,-74.22251202452772,3.474048802482061,-64.9093181341186,3.2130400711103735,-64.42766858812793,3.261500571493708
57200,-72.23077781536928,3.782712635535264,-74.18888199721978,3.4799463219624607,-64.91447325234823,3.1995764450548876,-64.4510143909103,3.262473090339904
57400,-72.18586929410631,3.7865812410193596,-74.17114410981299,3.487717883699757,-64.88479840924137,3.2000244817568984,-64.42228333932452,3.252728834442257
57600,-72.15643757678191,3.7808776146939085,-74.13789163409689,3.5020974453683342,-64.84229671939802,3.2204056383785553,-64.46536799608812,3.2449193748983696
57800,-72.15878118453602,3.794350767094948,-74.10481243753375,3.5132015889790793,-64.934917327547,3.213611841269641,-64.41903218736674,3.2635450693432575
58000,-72.14416894754838,3.800751957211074,-74.02433481733665,3.5246654627136462,-65.00104650162675,3.20998897785198,-64.41150640804403,3.261521840152916
58200,-72.10891906293986,3.803943489941279,-74.07816649815756,3.512757001382026,-65.12188548512296,3.2054479889040954,-64.38909923986594,3.2683447830123296
58400,-72.13060823082057,3.798372372256289,-74.06549601442276,3.5142511826692826,-65.12560385644261,3.1881956302255436,-64.39458167183042,3.2664503410147834
58600,-72.14209539357086,3.7970664191005286,-74.02321121146535,3.524198139213605,-65.07407836326509,3.1934467087326937,-64.4850778262157,3.252857228976946
58800,-72.18446637554369,3.784400304494301,-73.91291380251687,3.54494276824313,-65.02189957210234,3.187461762981023,-64.61108017140243,3.244721712322374
59000,-72.20645881402936,3.7814784602709963,-73.83141466302379,3.5583718869464738,-65.07252734377872,3.1788214458472543,-64.56980841051383,3.2545448407795736
59200,-72.23058423963217,3.7878473818851464,-73.78320628398114,3.5767600695592727,-65.05555875356913,3.1802904955616906,-64.54364259024283,3.257358820137393
59400,-72.10937578020841,3.8121671637855177,-73.77834286355161,3.5810534777032057,-65.09297082802367,3.169193433816856,-64.58330387750046,3.249115701155904
59600,-72.18849136530888,3.7945164419440562,-73.70726505039863,3.600645819582307,-64.98873462530422,3.1964261147342587,-64.61715564672419,3.2448254985429332
59800,-72.23284391435435,3.778912114782987,-73.66132154394184,3.6054910355515357,-64.96179321641458,3.2009278119403364,-64.61282266276251,3.252492357955036
60000,-72.26047192138977,3.76737504559953,-73.66085016100475,3.603547551531197,-64.89576738269501,3.2165015609151633,-64.54152778501475,3.247219412719131
60200,-72.25085827923002,3.7828422631019083,-73.64408890595351,3.6043843615776194,-64.93888757800498,3.2190101316264097,-64.56701082588148,3.241708399890498
60400,-72.29753744365533,3.7622440144099922,-73.59497453284318,3.608119947461722,-64.89183642127254,3.229800079800191,-64.62261320878387,3.2437097579377445
60600,-72.34486181377824,3.7474477515286404,-73.5166053081148,3.62913654500101,-64.9046403127693,3.2239761616769473,-64.47356399636628,3.2629064961869627
60800,-72.37571669731007,3.7415908409414627,-73.5091971457236,3.6341250878333633,-64.94480049884437,3.216656269762703,-64.42505260762285,3.2599276063580365
61000,-72.38335461103873,3.7390110562029464,-73.58650183729213,3.618737530519618,-64.94238269405533,3.2154020705335458,-64.44596575049697,3.2543793895499817
61200,-72.26252471934376,3.7709365398813586,-73.62284346970759,3.6077124520409454,-64.85732380080607,3.2167215629351857,-64.55491653904745,3.24485056242016
61400,-72.33425813877818,3.7578735622051385,-73.68634544281302,3.5964593122342774,-64.95883651030074,3.2038076336668215,-64.55025538604909,3.2532849465531775
61600,-72.2507466409641,3.7734682727284006,-73.81249268739766,3.5621757873234947,-64.91119224630577,3.197588689919631,-64.43785663631874,3.268440518311725
61800,-72.23215064557853,3.7720120390402623,-73.68939753499366,3.5831790589980352,-64.93840188588175,3.192248543865516,-64.54637883376097,3.2497463751749667
62000,-72.23547769791304,3.7677225374334347,-73.57279927753261,3.619291282592756,-64.98125655167205,3.181532532499759,-64.41227806713175,3.2504586091296903
62200,-72.25130195253567,3.769586946656923,-73.57359628419304,3.6266885094855525,-64.95417958450757,3.1856624145892005,-64.44405342854384,3.238922752838521
62400,-72.23388266396387,3.7663554331391733,-73.57902082147076,3.613359574496591,-64.93732250043745,3.1807603305090044,-64.3577701607005,3.2440129270107767
62600,-72.17861278541353,3.7865801846654366,-73.59073390430342,3.6075817561470886,-65.05890770905546,3.1443755437830685,-64.3155012176845,3.258074115487191
62800,-72.24053305924589,3.771475136553185,-73.60862585374456,3.60321364226579,-65.13311656155388,3.1508711385294306,-64.29675390826223,3.258466819509281
63000,-72.26904300012349,3.7662040228678206,-73.64662478645542,3.595454926905128,-64.98459257400523,3.1580328296345543,-64.34377442751612,3.2428630072377076
63200,-72.18919042949592,3.7805969854356496,-73.64583185428037,3.5924149080180166,-65.03928719789036,3.1484678297695656,-64.33621835792977,3.2376393782881814
63400,-72.1727596043683,3.7781044407889337,-73.62075505541152,3.5919101585935147,-64.9811487826666,3.1516547182154286,-64.29416602759848,3.2376484245288926
63600,-72.15200728826764,3.788543291893491,-73.69271173059676,3.563339750738135,-65.00282528507319,3.146447951617138,-64.27561090138266,3.2407737149528457
63800,-72.16971324864184,3.7882816046678616,-73.67092463668557,3.5661967771843943,-64.93498577182098,3.1496482496296268,-64.18900293119339,3.254181457330556
64000,-72.2029190596376,3.78576222805806,-73.66995327067066,3.564144440996322,-64.97326854290647,3.1444998992105213,-64.23325863269515,3.248603079560237
64200,-72.09743455250575,3.7996336244333544,-73.60899527826473,3.587901751461609,-64.97235066888489,3.1426647873301214,-64.27059858981981,3.2365130427109707
64400,-72.08672495548176,3.7991437298896202,-73.55037487918008,3.5995685954031718,-65.01659847836535,3.1437432376040073,-64.24621638440419,3.25074069346863
64600,-72.00044892637388,3.821795981508574,-73.57357839238705,3.5931888257003113,-64.9498182334669,3.1456355349040606,-64.32722016886449,3.2385242827798515
64800,-71.93994808993789,3.8378508047902993,-73.61355526233275,3.581404247128601,-65.01019137309758,3.1406719253008455,-64.2838894310149,3.2322239544361597
65000,-71.86732461898436,3.863246824194668,-73.55699833459886,3.5955299732754016,-64.81001598079743,3.1792877114686053,-64.29578253442854,3.235167836831117
65200,-71.74266084382792,3.881598190910071,-73.47010298056144,3.6046927657183785,-64.7696294440349,3.184246450340111,-64.25016614811679,3.238450802515338
65400,-71.70134430418834,3.889537889630607,-73.56513335734714,3.582371923197675,-64.80197330602306,3.1741649281980004,-64.26999783854166,3.2424453056248006
65600,-71.7346356512012,3.8777577380035,-73.52112369176068,3.5920793591928737,-64.74615754384901,3.1711454660077147,-64.19907099536627,3.2553284184008064
65800,-71.66154980059441,3.8876327445349115,-73.53375195702353,3.589795029051384,-64.6375529517759,3.1842674922333525,-64.23658045009712,3.260490039806746
66000,-71.61440843834416,3.894337436493783,-73.55790093424368,3.5709082176696043,-64.70991947571382,3.1899060511077093,-64.30834380430758,3.252355722860061
66200,-71.56850001299415,3.9055775338691707,-73.57983576464072,3.5650219317169127,-64.68674896684102,3.1938784148070454,-64.25315400534383,3.2573473421189436
66400,-71.56586997432038,3.898130560762813,-73.56891050656952,3.5670308672314603,-64.63425707653953,3.2068217634276475,-64.28810537425623,3.2460231566005486
66600,-71.56625688541472,3.894384488453912,-73.51941723498975,3.58006821000705,-64.62673071367993,3.2087460200636007,-64.30077801801177,3.238745016345791
66800,-71.5014408692798,3.90961500914849,-73.4841978428646,3.5881609130773864,-64.66359555315402,3.2026877523819772,-64.19373824306615,3.261097940235642
67000,-71.59909962937479,3.8881475994044914,-73.52971747539826,3.57025218333686,-64.59899309539276,3.2280672751023745,-64.11517806942442,3.2712511302229292
67200,-71.63436743786767,3.8787675333575002,-73.58377798152654,3.5530400489717637,-64.53810779166079,3.2188498243686197,-64.08314024812802,3.293927322919055
67400,-71.5502236191991,3.8921116149503137,-73.54767259378553,3.56274776398442,-64.56960984565191,3.2179464186846154,-64.08802975639779,3.3017200116409477
67600,-71.6580413664737,3.8600341867182175,-73.51828467379033,3.567075006738201,-64.59067123905724,3.2185867934568235,-64.0893399966176,3.308814953213511
67800,-71.64217812777096,3.8675872661284147,-73.50550224079076,3.5726771780843483,-64.58450294206934,3.215493158441089,-64.10610393879557,3.3000629765741802
68000,-71.68904671735511,3.851534920061294,-73.47036753320414,3.5817354795222425,-64.49442989019009,3.2109310332918795,-64.04225982362564,3.3012683781249175
68200,-71.62098249959287,3.8496086698837995,-73.46629723355132,3.578449249348416,-64.52795689738856,3.2222423572760333,-63.92450543055531,3.313471251023616
68400,-71.65898694476647,3.8476250898306743,-73.46857346878112,3.5679959136004906,-64.59487940820446,3.2180422512352704,-63.839754782377696,3.324686676233231
68600,-71.66938131308686,3.837913435042725,-73.40337340180577,3.588094339008011,-64.58743199321617,3.209673388783572,-63.919655578623754,3.322828533078192
68800,-71.6417226024414,3.838248191689395,-73.40825822534643,3.5822241340589005,-64.59181952403664,3.1990534473523415,-63.763107740407094,3.3393191012577574
69000,-71.66461154704574,3.8299199047996026,-73.44566327542971,3.5834069189536364,-64.64915163579519,3.199218012728678,-63.905039253619286,3.3301011928938955
69200,-71.6232696826432,3.833903084552114,-73.40332728235481,3.594049174391504,-64.70854522764733,3.1918596617408133,-63.98274464513235,3.3251573058318136
69400,-71.68493642797662,3.8185170753198503,-73.38229699603427,3.600714829296462,-64.67041255205851,3.185463548779897,-63.899303637871164,3.3233206011538448
69600,-71.61456355095939,3.8250084836407514,-73.48344663076216,3.5733496704987613,-64.67929090479767,3.1731892974791633,-63.76468682071607,3.3319520449972506
69800,-71.64067109783826,3.8242668325917344,-73.46944029839932,3.5770813026748605,-64.68894964406279,3.1703242990731475,-63.66853622366959,3.3353347825283906
70000,-71.65743400853225,3.820524473620418,-73.50689352904527,3.5693433653586415,-64.57601445279825,3.188367799096203,-63.679040265509386,3.3439422861313743
70200,-71.63874425723465,3.823038260446933,-73.47817960925391,3.566329989555638,-64.55169739359827,3.1854221717775446,-63.600987629093126,3.3566101364591274
70400,-71.67111638136302,3.814377802494473,-73.4626047252669,3.568787960223913,-64.55110319212493,3.1815309583805647,-63.52854263244937,3.369086563524389
70600,-71.68842788593376,3.81885109873925,-73.44527044083928,3.57470171159782,-64.4195322048949,3.20006572893369,-63.521253467834796,3.3715976218784864
70800,-71.67026986178844,3.8161700799625247,-73.39410013788785,3.572031346752986,-64.4612731176255,3.196412464167675,-63.52602856961525,3.3679643218229702
71000,-71.63062008393537,3.82757550086983,-73.41314775184212,3.5730893407265474,-64.44173911615518,3.1918975361401944,-63.46414658193742,3.377179870948137
71200,-71.6968979153626,3.8086911287505982,-73.43849731460966,3.565094557837254,-64.45523430715124,3.1859041236665178,-63.46878139361998,3.3674185141955575
71400,-71.71060438755062,3.807614837618545,-73.33536114989177,3.59133406144047,-64.49139840854203,3.1845250416848883,-63.49716898196624,3.3491655514523497
71600,-71.72149681936594,3.8111465917799885,-73.33810749386663,3.596807285714763,-64.47812239911525,3.1773695585702404,-63.502478493654465,3.3534320232234087
71800,-71.75644471077977,3.8079895687787797,-73.29521156289432,3.605090212761751,-64.39907648613207,3.180947922950471,-63.511907731929256,3.3463397371400028
72000,-71.78608480021973,3.800028080384225,-73.2918231780724,3.6057906492998257,-64.36729060007275,3.1835649322678496,-63.50539417944467,3.348965408637594
72200,-71.72380127080811,3.816497933598439,-73.24399092882783,3.620884644062645,-64.34906214065111,3.189674991831727,-63.519529895301815,3.3523222576022977
72400,-71.70336298703998,3.817173081279748,-73.22881201750022,3.6245708356358546,-64.3695605618638,3.171590350242652,-63.569864429659326,3.3465212638955197
72600,-71.6857330028505,3.8136831311987,-73.30136051876902,3.5970759722663748,-64.36564591580265,3.166064017213189,-63.52044942732129,3.357894339663994
72800,-71.68299864411671,3.8100911092549943,-73.28300107320699,3.5903637022513,-64.31514554022586,3.175356979668593,-63.60844526480065,3.3474009556667514
73000,-71.62577467017512,3.822358827759511,-73.30355714643548,3.584038099393237,-64.28150258113938,3.184209027319146,-63.55192719130254,3.347239731812457
73200,-71.61144911645695,3.8309634340619367,-73.30497864698366,3.593744961151396,-64.2590472147318,3.187528591201412,-63.581059373273675,3.340505664932357
73400,-71.63609956251283,3.8293503021860733,-73.277935230026,3.592445132303259,-64.27512280957845,3.1911353003730274,-63.56236524035207,3.333455755676502
73600,-71.6569250270143,3.8233874379449975,-73.31771433203187,3.5829476621882463,-64.33579631306408,3.1795144519797276,-63.66560615002695,3.3270960533035896
73800,-71.65447744268859,3.82234703323785,-73.33969804083266,3.5735974058313733,-64.21701214341641,3.188794041994702,-63.62932353607728,3.3375387048740253
74000,-71.74462374715677,3.7909812398694265,-73.31437737911679,3.574983361940237,-64.13279120214038,3.195517971978894,-63.696199672833046,3.3341988044365145
74200,-71.63202480235596,3.8094402740490763,-73.25171274006485,3.5818840776627514,-64.17874364882087,3.194074703301096,-63.82046072588661,3.3233809788138244
74400,-71.62689346006725,3.8040991934670765,-73.24616332610083,3.5896625878397073,-64.11016636652202,3.193849621061242,-63.81423738513544,3.3187346884949114
74600,-71.64016272750426,3.800622269785424,-73.14859882980124,3.6046681117528183,-64.06643397980726,3.199364325720539,-63.91570581043099,3.2894206726509734
74800,-71.70271546731496,3.7884948982270417,-73.10019792859867,3.6189013563452987,-64.11710665594576,3.18503739227259,-63.91920726435829,3.287708509789827
