,date,time_min,count,close,open,high,low,volume,time,day,hh_diff,min,halfhour,cond_code
0,01/02,01:00,66,1.0524,1.0524,1.0524,1.0524,0.0,42737.0833333,42737,0,0,4,
1,01/02,01:01,77,1.0524,1.0525,1.0525,1.0524,0.0,42737.0840278,42737,0,1,4,
2,01/02,01:02,81,1.0524,1.0524,1.0524,1.0524,0.0,42737.0847222,42737,0,2,4,
3,01/02,01:03,148,1.0524,1.0524,1.0524,1.0524,0.0,42737.0854167,42737,0,3,4,
4,01/02,01:04,189,1.0524,1.0524,1.0525,1.0524,0.0,42737.0861111,42737,0,4,4,
5,01/02,01:05,135,1.0525,1.0524,1.0525,1.0524,0.0,42737.0868056,42737,0,5,4,
6,01/02,01:06,118,1.0525,1.0525,1.0525,1.0524,0.0,42737.0875,42737,0,6,4,
7,01/02,01:07,94,1.0525,1.0525,1.0525,1.0524,0.0,42737.0881944,42737,0,7,4,
8,01/02,01:08,87,1.0524,1.0524,1.0525,1.0524,0.0,42737.0888889,42737,0,8,4,
9,01/02,01:09,120,1.0525,1.0524,1.0525,1.0524,0.0,42737.0895833,42737,0,9,4,
10,01/02,01:10,149,1.0525,1.0525,1.0525,1.0525,0.0,42737.0902778,42737,0,10,4,
11,01/02,01:11,147,1.0525,1.0525,1.0525,1.0525,0.0,42737.0909722,42737,0,11,4,
12,01/02,01:12,119,1.0525,1.0525,1.0525,1.0525,0.0,42737.0916667,42737,0,12,4,
13,01/02,01:13,92,1.0525,1.0525,1.0525,1.0525,0.0,42737.0923611,42737,0,13,4,
14,01/02,01:14,95,1.0525,1.0525,1.0525,1.0525,0.0,42737.0930556,42737,0,14,4,
15,01/02,01:15,126,1.0525,1.0525,1.0525,1.0525,0.0,42737.09375,42737,0,15,4,
16,01/02,01:16,144,1.0525,1.0525,1.0525,1.0525,0.0,42737.0944444,42737,0,16,4,
17,01/02,01:17,159,1.0525,1.0525,1.0525,1.0525,0.0,42737.0951389,42737,0,17,4,
18,01/02,01:18,134,1.0525,1.0525,1.0525,1.0525,0.0,42737.0958333,42737,0,18,4,
19,01/02,01:19,46,1.0525,1.0525,1.0525,1.0525,0.0,42737.0965278,42737,0,19,4,
20,01/02,01:20,209,1.0522,1.0525,1.0526,1.0522,0.0,42737.0972222,42737,0,20,4,
21,01/02,01:21,352,1.0525,1.0522,1.0527,1.0522,0.0,42737.0979167,42737,0,21,4,
22,01/02,01:22,111,1.0525,1.0525,1.0525,1.0525,0.0,42737.0986111,42737,0,22,4,
23,01/02,01:23,107,1.0525,1.0525,1.0525,1.0525,0.0,42737.0993056,42737,0,23,4,
24,01/02,01:24,96,1.0525,1.0525,1.0525,1.0525,0.0,42737.1,42737,0,24,4,
25,01/02,01:25,98,1.0524,1.0525,1.0525,1.0524,0.0,42737.1006944,42737,0,25,4,
26,01/02,01:26,175,1.0523,1.0524,1.0525,1.0523,0.0,42737.1013889,42737,0,26,4,
27,01/02,01:27,160,1.0523,1.0523,1.0523,1.0523,0.0,42737.1020833,42737,0,27,4,
28,01/02,01:28,137,1.0523,1.0523,1.0523,1.0523,0.0,42737.1027778,42737,0,28,4,
29,01/02,01:29,124,1.0523,1.0523,1.0523,1.0522,0.0,42737.1034722,42737,0,29,4,
30,01/02,01:30,160,1.0523,1.0523,1.0523,1.0522,0.0,42737.1041667,42737,0,0,5,
31,01/02,01:31,123,1.0523,1.0523,1.0523,1.0523,0.0,42737.1048611,42737,0,1,5,
32,01/02,01:32,93,1.0523,1.0523,1.0523,1.0522,0.0,42737.1055556,42737,0,2,5,
33,01/02,01:33,97,1.0523,1.0523,1.0523,1.0523,0.0,42737.10625,42737,0,3,5,
34,01/02,01:34,124,1.0523,1.0523,1.0523,1.0523,0.0,42737.1069444,42737,0,4,5,
35,01/02,01:35,130,1.0523,1.0523,1.0523,1.0522,0.0,42737.1076389,42737,0,5,5,
36,01/02,01:36,95,1.0523,1.0523,1.0523,1.0522,0.0,42737.1083333,42737,0,6,5,
37,01/02,01:37,103,1.0523,1.0522,1.0523,1.0522,0.0,42737.1090278,42737,0,7,5,
38,01/02,01:38,125,1.0523,1.0523,1.0523,1.0522,0.0,42737.1097222,42737,0,8,5,
39,01/02,01:39,109,1.0522,1.0523,1.0523,1.0522,0.0,42737.1104167,42737,0,9,5,
40,01/02,01:40,219,1.0523,1.0522,1.0523,1.0522,0.0,42737.1111111,42737,0,10,5,
41,01/02,01:41,93,1.0523,1.0523,1.0523,1.0522,0.0,42737.1118056,42737,0,11,5,
42,01/02,01:42,103,1.0523,1.0523,1.0523,1.0522,0.0,42737.1125,42737,0,12,5,
43,01/02,01:43,104,1.0523,1.0523,1.0523,1.0522,0.0,42737.1131944,42737,0,13,5,
44,01/02,01:44,144,1.0522,1.0523,1.0523,1.0522,0.0,42737.1138889,42737,0,14,5,
45,01/02,01:45,120,1.0522,1.0522,1.0523,1.0522,0.0,42737.1145833,42737,0,15,5,
46,01/02,01:46,160,1.0522,1.0522,1.0523,1.0522,0.0,42737.1152778,42737,0,16,5,
47,01/02,01:47,180,1.0522,1.0522,1.0523,1.0522,0.0,42737.1159722,42737,0,17,5,
48,01/02,01:48,138,1.0522,1.0522,1.0523,1.0522,0.0,42737.1166667,42737,0,18,5,
49,01/02,01:49,160,1.0522,1.0522,1.0522,1.0522,0.0,42737.1173611,42737,0,19,5,
50,01/02,01:50,104,1.0522,1.0522,1.0522,1.0522,0.0,42737.1180556,42737,0,20,5,
51,01/02,01:51,112,1.0522,1.0522,1.0523,1.0522,0.0,42737.11875,42737,0,21,5,
52,01/02,01:52,130,1.0522,1.0522,1.0522,1.0522,0.0,42737.1194444,42737,0,22,5,
53,01/02,01:53,138,1.0522,1.0522,1.0522,1.0522,0.0,42737.1201389,42737,0,23,5,
54,01/02,01:54,120,1.0522,1.0523,1.0523,1.0522,0.0,42737.1208333,42737,0,24,5,
55,01/02,01:55,152,1.0522,1.0522,1.0523,1.0522,0.0,42737.1215278,42737,0,25,5,
56,01/02,01:56,128,1.0522,1.0522,1.0523,1.0522,0.0,42737.1222222,42737,0,26,5,
57,01/02,01:57,138,1.0522,1.0522,1.0523,1.0522,0.0,42737.1229167,42737,0,27,5,
58,01/02,01:58,128,1.0522,1.0522,1.0523,1.0522,0.0,42737.1236111,42737,0,28,5,
59,01/02,01:59,115,1.0522,1.0522,1.0522,1.0522,0.0,42737.1243056,42737,0,29,5,
60,01/02,02:00,110,1.0522,1.0522,1.0523,1.0522,0.0,42737.125,42737,0,0,6,
61,01/02,02:01,191,1.0522,1.0522,1.0522,1.0522,0.0,42737.1256944,42737,0,1,6,
62,01/02,02:02,110,1.0522,1.0522,1.0522,1.0522,0.0,42737.1263889,42737,0,2,6,
63,01/02,02:03,108,1.0522,1.0522,1.0522,1.0522,0.0,42737.1270833,42737,0,3,6,
64,01/02,02:04,134,1.0522,1.0522,1.0522,1.0522,0.0,42737.1277778,42737,0,4,6,
65,01/02,02:05,129,1.0522,1.0522,1.0522,1.0522,0.0,42737.1284722,42737,0,5,6,
66,01/02,02:06,324,1.052,1.0522,1.0522,1.0517,0.0,42737.1291667,42737,0,6,6,
67,01/02,02:07,145,1.052,1.052,1.052,1.052,0.0,42737.1298611,42737,0,7,6,
68,01/02,02:08,221,1.0519,1.052,1.052,1.0519,0.0,42737.1305556,42737,0,8,6,
69,01/02,02:09,251,1.052,1.0519,1.052,1.0519,0.0,42737.13125,42737,0,9,6,
70,01/02,02:10,146,1.0519,1.052,1.052,1.0519,0.0,42737.1319444,42737,0,10,6,
71,01/02,02:11,226,1.0519,1.0519,1.052,1.0519,0.0,42737.1326389,42737,0,11,6,
72,01/02,02:12,127,1.052,1.0519,1.052,1.0519,0.0,42737.1333333,42737,0,12,6,
73,01/02,02:13,254,1.052,1.052,1.052,1.0519,0.0,42737.1340278,42737,0,13,6,
74,01/02,02:14,153,1.0519,1.052,1.052,1.0519,0.0,42737.1347222,42737,0,14,6,
75,01/02,02:15,120,1.052,1.0519,1.052,1.0519,0.0,42737.1354167,42737,0,15,6,
76,01/02,02:16,155,1.0517,1.052,1.052,1.0517,0.0,42737.1361111,42737,0,16,6,
77,01/02,02:17,165,1.0518,1.0517,1.0518,1.0517,0.0,42737.1368056,42737,0,17,6,
78,01/02,02:18,160,1.0517,1.0518,1.0518,1.0517,0.0,42737.1375,42737,0,18,6,
79,01/02,02:19,150,1.0517,1.0517,1.0517,1.0517,0.0,42737.1381944,42737,0,19,6,
80,01/02,02:20,114,1.0517,1.0517,1.0518,1.0517,0.0,42737.1388889,42737,0,20,6,
81,01/02,02:21,106,1.0517,1.0517,1.0517,1.0517,0.0,42737.1395833,42737,0,21,6,
82,01/02,02:22,156,1.0517,1.0517,1.0518,1.0517,0.0,42737.1402778,42737,0,22,6,
83,01/02,02:23,223,1.0518,1.0517,1.052,1.0517,0.0,42737.1409722,42737,0,23,6,
84,01/02,02:24,171,1.0518,1.0518,1.0518,1.0518,0.0,42737.1416667,42737,0,24,6,
85,01/02,02:25,107,1.0518,1.0518,1.0518,1.0518,0.0,42737.1423611,42737,0,25,6,
86,01/02,02:26,208,1.0519,1.0518,1.052,1.0516,0.0,42737.1430556,42737,0,26,6,
87,01/02,02:27,198,1.0518,1.0519,1.052,1.0518,0.0,42737.14375,42737,0,27,6,
88,01/02,02:28,111,1.0519,1.0518,1.052,1.0518,0.0,42737.1444444,42737,0,28,6,
89,01/02,02:29,101,1.0519,1.0519,1.0519,1.0519,0.0,42737.1451389,42737,0,29,6,
90,01/02,02:30,32,1.0519,1.0519,1.0519,1.0519,0.0,42737.1458333,42737,0,0,7,
91,01/02,02:31,48,1.0519,1.0519,1.0519,1.0519,0.0,42737.1465278,42737,0,1,7,
92,01/02,02:32,103,1.0519,1.0519,1.0519,1.0519,0.0,42737.1472222,42737,0,2,7,
93,01/02,02:33,64,1.0519,1.0519,1.0519,1.0518,0.0,42737.1479167,42737,0,3,7,
94,01/02,02:34,129,1.0518,1.0519,1.0519,1.0518,0.0,42737.1486111,42737,0,4,7,
95,01/02,02:35,156,1.0518,1.0518,1.052,1.0518,0.0,42737.1493056,42737,0,5,7,
96,01/02,02:36,160,1.0519,1.0518,1.0519,1.0518,0.0,42737.15,42737,0,6,7,
97,01/02,02:37,112,1.0518,1.0519,1.0519,1.0518,0.0,42737.1506944,42737,0,7,7,
98,01/02,02:38,74,1.0519,1.0518,1.0519,1.0518,0.0,42737.1513889,42737,0,8,7,
99,01/02,02:39,176,1.0519,1.0519,1.0519,1.0518,0.0,42737.1520833,42737,0,9,7,
100,01/02,02:40,169,1.0519,1.0519,1.0519,1.0518,0.0,42737.1527778,42737,0,10,7,
101,01/02,02:41,169,1.0518,1.0519,1.0519,1.0518,0.0,42737.1534722,42737,0,11,7,
102,01/02,02:42,133,1.0519,1.0518,1.0519,1.0518,0.0,42737.1541667,42737,0,12,7,
103,01/02,02:43,169,1.0518,1.0519,1.052,1.0518,0.0,42737.1548611,42737,0,13,7,
104,01/02,02:44,159,1.0518,1.0518,1.0518,1.0518,0.0,42737.1555556,42737,0,14,7,
105,01/02,02:45,171,1.0518,1.0518,1.0518,1.0518,0.0,42737.15625,42737,0,15,7,
106,01/02,02:46,131,1.0519,1.0518,1.0519,1.0518,0.0,42737.1569444,42737,0,16,7,
107,01/02,02:47,166,1.0519,1.0519,1.052,1.0519,0.0,42737.1576389,42737,0,17,7,
108,01/02,02:48,148,1.0519,1.0519,1.0519,1.0518,0.0,42737.1583333,42737,0,18,7,
109,01/02,02:49,133,1.0519,1.0519,1.0519,1.0519,0.0,42737.1590278,42737,0,19,7,
110,01/02,02:50,170,1.0519,1.0519,1.0519,1.0519,0.0,42737.1597222,42737,0,20,7,
111,01/02,02:51,189,1.0519,1.0519,1.0519,1.0519,0.0,42737.1604167,42737,0,21,7,
112,01/02,02:52,164,1.052,1.0519,1.052,1.0519,0.0,42737.1611111,42737,0,22,7,
113,01/02,02:53,171,1.052,1.052,1.052,1.0519,0.0,42737.1618056,42737,0,23,7,
114,01/02,02:54,136,1.0519,1.052,1.052,1.0519,0.0,42737.1625,42737,0,24,7,
115,01/02,02:55,235,1.052,1.0519,1.052,1.0519,0.0,42737.1631944,42737,0,25,7,
116,01/02,02:56,184,1.052,1.052,1.052,1.0519,0.0,42737.1638889,42737,0,26,7,
117,01/02,02:57,221,1.052,1.052,1.052,1.0519,0.0,42737.1645833,42737,0,27,7,
118,01/02,02:58,270,1.052,1.052,1.052,1.0519,0.0,42737.1652778,42737,0,28,7,
119,01/02,02:59,248,1.052,1.052,1.052,1.0519,0.0,42737.1659722,42737,0,29,7,
120,01/02,03:00,277,1.052,1.052,1.052,1.0519,0.0,42737.1666667,42737,0,0,8,
121,01/02,03:01,268,1.052,1.052,1.052,1.0519,0.0,42737.1673611,42737,0,1,8,
122,01/02,03:02,198,1.0519,1.052,1.052,1.0519,0.0,42737.1680556,42737,0,2,8,
123,01/02,03:03,242,1.052,1.0519,1.052,1.0519,0.0,42737.16875,42737,0,3,8,
124,01/02,03:04,256,1.052,1.052,1.052,1.052,0.0,42737.1694444,42737,0,4,8,
125,01/02,03:05,158,1.0519,1.052,1.052,1.0519,0.0,42737.1701389,42737,0,5,8,
126,01/02,03:06,270,1.0519,1.0519,1.052,1.0519,0.0,42737.1708333,42737,0,6,8,
127,01/02,03:07,499,1.052,1.0519,1.052,1.0519,0.0,42737.1715278,42737,0,7,8,
128,01/02,03:08,342,1.0519,1.052,1.052,1.0519,0.0,42737.1722222,42737,0,8,8,
129,01/02,03:09,155,1.0519,1.0519,1.052,1.0519,0.0,42737.1729167,42737,0,9,8,
130,01/02,03:10,220,1.0519,1.0519,1.052,1.0519,0.0,42737.1736111,42737,0,10,8,
131,01/02,03:11,250,1.052,1.0519,1.052,1.0519,0.0,42737.1743056,42737,0,11,8,
132,01/02,03:12,571,1.0519,1.052,1.052,1.0519,0.0,42737.175,42737,0,12,8,
133,01/02,03:13,685,1.0519,1.0519,1.052,1.0519,0.0,42737.1756944,42737,0,13,8,
134,01/02,03:14,444,1.0519,1.0519,1.052,1.0519,0.0,42737.1763889,42737,0,14,8,
135,01/02,03:15,609,1.052,1.0519,1.052,1.0519,0.0,42737.1770833,42737,0,15,8,
136,01/02,03:16,120,1.052,1.052,1.052,1.052,0.0,42737.1777778,42737,0,16,8,
137,01/02,03:17,211,1.052,1.052,1.052,1.052,0.0,42737.1784722,42737,0,17,8,
138,01/02,03:18,255,1.0518,1.052,1.052,1.0518,0.0,42737.1791667,42737,0,18,8,
139,01/02,03:19,579,1.0517,1.0518,1.0518,1.0517,0.0,42737.1798611,42737,0,19,8,
140,01/02,03:20,366,1.0517,1.0517,1.0518,1.0517,0.0,42737.1805556,42737,0,20,8,
141,01/02,03:21,166,1.0517,1.0517,1.0518,1.0517,0.0,42737.18125,42737,0,21,8,
142,01/02,03:22,173,1.0518,1.0517,1.0518,1.0517,0.0,42737.1819444,42737,0,22,8,
143,01/02,03:23,167,1.0518,1.0518,1.0518,1.0517,0.0,42737.1826389,42737,0,23,8,
144,01/02,03:24,70,1.0517,1.0518,1.0518,1.0517,0.0,42737.1833333,42737,0,24,8,
145,01/02,03:25,104,1.0518,1.0517,1.0518,1.0517,0.0,42737.1840278,42737,0,25,8,
146,01/02,03:26,95,1.0518,1.0518,1.0518,1.0517,0.0,42737.1847222,42737,0,26,8,
147,01/02,03:27,72,1.0518,1.0518,1.0518,1.0518,0.0,42737.1854167,42737,0,27,8,
148,01/02,03:28,214,1.0518,1.0518,1.0518,1.0518,0.0,42737.1861111,42737,0,28,8,
149,01/02,03:29,648,1.0518,1.0518,1.0518,1.0518,0.0,42737.1868056,42737,0,29,8,
150,01/02,03:30,274,1.0518,1.0518,1.0518,1.0518,0.0,42737.1875,42737,0,0,9,
151,01/02,03:31,116,1.0518,1.0518,1.0518,1.0518,0.0,42737.1881944,42737,0,1,9,
152,01/02,03:32,346,1.0518,1.0518,1.0519,1.0518,0.0,42737.1888889,42737,0,2,9,
153,01/02,03:33,169,1.0518,1.0518,1.0519,1.0518,0.0,42737.1895833,42737,0,3,9,
154,01/02,03:34,168,1.0519,1.0518,1.0519,1.0518,0.0,42737.1902778,42737,0,4,9,
155,01/02,03:35,135,1.0519,1.0519,1.0519,1.0519,0.0,42737.1909722,42737,0,5,9,
156,01/02,03:36,150,1.0519,1.0519,1.052,1.0519,0.0,42737.1916667,42737,0,6,9,
157,01/02,03:37,138,1.0519,1.0519,1.0519,1.0519,0.0,42737.1923611,42737,0,7,9,
158,01/02,03:38,162,1.0518,1.0519,1.0519,1.0518,0.0,42737.1930556,42737,0,8,9,
159,01/02,03:39,90,1.0518,1.0518,1.0518,1.0518,0.0,42737.19375,42737,0,9,9,
160,01/02,03:40,134,1.0518,1.0518,1.0518,1.0518,0.0,42737.1944444,42737,0,10,9,
161,01/02,03:41,89,1.0518,1.0518,1.0518,1.0518,0.0,42737.1951389,42737,0,11,9,
162,01/02,03:42,84,1.0518,1.0518,1.052,1.0518,0.0,42737.1958333,42737,0,12,9,
163,01/02,03:43,211,1.0519,1.0518,1.052,1.0518,0.0,42737.1965278,42737,0,13,9,
164,01/02,03:44,149,1.052,1.052,1.052,1.0519,0.0,42737.1972222,42737,0,14,9,
165,01/02,03:45,241,1.052,1.052,1.052,1.0519,0.0,42737.1979167,42737,0,15,9,
166,01/02,03:46,98,1.052,1.052,1.052,1.052,0.0,42737.1986111,42737,0,16,9,
167,01/02,03:47,80,1.052,1.052,1.052,1.052,0.0,42737.1993056,42737,0,17,9,
168,01/02,03:48,93,1.052,1.052,1.052,1.052,0.0,42737.2,42737,0,18,9,
169,01/02,03:49,175,1.0519,1.052,1.052,1.0519,0.0,42737.2006944,42737,0,19,9,
170,01/02,03:50,151,1.0519,1.0519,1.0519,1.0519,0.0,42737.2013889,42737,0,20,9,
171,01/02,03:51,130,1.0519,1.0519,1.052,1.0519,0.0,42737.2020833,42737,0,21,9,
172,01/02,03:52,107,1.052,1.0519,1.052,1.0519,0.0,42737.2027778,42737,0,22,9,
173,01/02,03:53,87,1.052,1.052,1.052,1.0519,0.0,42737.2034722,42737,0,23,9,
174,01/02,03:54,647,1.052,1.052,1.052,1.0519,0.0,42737.2041667,42737,0,24,9,
175,01/02,03:55,483,1.052,1.052,1.052,1.052,0.0,42737.2048611,42737,0,25,9,
176,01/02,03:56,346,1.0519,1.052,1.052,1.0519,0.0,42737.2055556,42737,0,26,9,
177,01/02,03:57,208,1.0519,1.0519,1.052,1.0519,0.0,42737.20625,42737,0,27,9,
178,01/02,03:58,676,1.0523,1.0519,1.0523,1.0519,0.0,42737.2069444,42737,0,28,9,
179,01/02,03:59,266,1.0521,1.0523,1.0523,1.0521,0.0,42737.2076389,42737,0,29,9,
180,01/02,04:00,200,1.0521,1.0522,1.0522,1.0521,0.0,42737.2083333,42737,0,0,10,
181,01/02,04:01,154,1.0521,1.0521,1.0522,1.0521,0.0,42737.2090278,42737,0,1,10,
182,01/02,04:02,91,1.0521,1.0521,1.0521,1.0521,0.0,42737.2097222,42737,0,2,10,
183,01/02,04:03,66,1.0521,1.0521,1.0521,1.0521,0.0,42737.2104167,42737,0,3,10,
184,01/02,04:04,98,1.0521,1.0521,1.0521,1.0521,0.0,42737.2111111,42737,0,4,10,
185,01/02,04:05,95,1.0521,1.0521,1.0521,1.0521,0.0,42737.2118056,42737,0,5,10,
186,01/02,04:06,171,1.0521,1.0521,1.0521,1.0521,0.0,42737.2125,42737,0,6,10,
187,01/02,04:07,136,1.0521,1.0521,1.0521,1.0521,0.0,42737.2131944,42737,0,7,10,
188,01/02,04:08,71,1.0521,1.0521,1.0521,1.0521,0.0,42737.2138889,42737,0,8,10,
189,01/02,04:09,157,1.052,1.0521,1.0522,1.052,0.0,42737.2145833,42737,0,9,10,
190,01/02,04:10,115,1.0521,1.052,1.0521,1.052,0.0,42737.2152778,42737,0,10,10,
191,01/02,04:11,97,1.0521,1.0521,1.0521,1.0521,0.0,42737.2159722,42737,0,11,10,
192,01/02,04:12,87,1.0521,1.0521,1.0521,1.0521,0.0,42737.2166667,42737,0,12,10,
193,01/02,04:13,86,1.0521,1.0521,1.0521,1.0521,0.0,42737.2173611,42737,0,13,10,
194,01/02,04:14,87,1.0521,1.0521,1.0521,1.052,0.0,42737.2180556,42737,0,14,10,
195,01/02,04:15,119,1.052,1.0521,1.0521,1.052,0.0,42737.21875,42737,0,15,10,
196,01/02,04:16,130,1.052,1.052,1.0521,1.052,0.0,42737.2194444,42737,0,16,10,
197,01/02,04:17,160,1.0518,1.052,1.0521,1.0518,0.0,42737.2201389,42737,0,17,10,
198,01/02,04:18,146,1.0518,1.0518,1.0518,1.0518,0.0,42737.2208333,42737,0,18,10,
199,01/02,04:19,123,1.0518,1.0518,1.0518,1.0518,0.0,42737.2215278,42737,0,19,10,
200,01/02,04:20,129,1.0518,1.0518,1.0518,1.0518,0.0,42737.2222222,42737,0,20,10,
201,01/02,04:21,129,1.0518,1.0518,1.0518,1.0518,0.0,42737.2229167,42737,0,21,10,
202,01/02,04:22,84,1.0518,1.0518,1.0518,1.0518,0.0,42737.2236111,42737,0,22,10,
203,01/02,04:23,174,1.0518,1.0518,1.0518,1.0518,0.0,42737.2243056,42737,0,23,10,
204,01/02,04:24,99,1.0517,1.0518,1.0518,1.0517,0.0,42737.225,42737,0,24,10,
205,01/02,04:25,109,1.0517,1.0517,1.0517,1.0517,0.0,42737.2256944,42737,0,25,10,
206,01/02,04:26,153,1.0517,1.0517,1.0517,1.0517,0.0,42737.2263889,42737,0,26,10,
207,01/02,04:27,143,1.0517,1.0517,1.0517,1.0517,0.0,42737.2270833,42737,0,27,10,
208,01/02,04:28,133,1.0517,1.0517,1.0517,1.0517,0.0,42737.2277778,42737,0,28,10,
209,01/02,04:29,78,1.0517,1.0517,1.0517,1.0517,0.0,42737.2284722,42737,0,29,10,
210,01/02,04:30,203,1.0517,1.0517,1.0517,1.0517,0.0,42737.2291667,42737,0,0,11,
211,01/02,04:31,193,1.0517,1.0517,1.0517,1.0517,0.0,42737.2298611,42737,0,1,11,
212,01/02,04:32,194,1.0517,1.0517,1.0517,1.0517,0.0,42737.2305556,42737,0,2,11,
213,01/02,04:33,162,1.0517,1.0517,1.0517,1.0517,0.0,42737.23125,42737,0,3,11,
214,01/02,04:34,163,1.0517,1.0517,1.0517,1.0517,0.0,42737.2319444,42737,0,4,11,
215,01/02,04:35,164,1.0517,1.0517,1.0517,1.0517,0.0,42737.2326389,42737,0,5,11,
216,01/02,04:36,149,1.0517,1.0517,1.0517,1.0517,0.0,42737.2333333,42737,0,6,11,
217,01/02,04:37,182,1.0517,1.0517,1.0517,1.0517,0.0,42737.2340278,42737,0,7,11,
218,01/02,04:38,181,1.0517,1.0517,1.0517,1.0517,0.0,42737.2347222,42737,0,8,11,
219,01/02,04:39,204,1.0517,1.0517,1.0517,1.0517,0.0,42737.2354167,42737,0,9,11,
220,01/02,04:40,189,1.0517,1.0517,1.0517,1.0517,0.0,42737.2361111,42737,0,10,11,
221,01/02,04:41,237,1.0517,1.0517,1.0517,1.0517,0.0,42737.2368056,42737,0,11,11,
222,01/02,04:42,182,1.0517,1.0517,1.0517,1.0517,0.0,42737.2375,42737,0,12,11,
223,01/02,04:43,192,1.0517,1.0517,1.0517,1.0517,0.0,42737.2381944,42737,0,13,11,
224,01/02,04:44,118,1.0517,1.0517,1.0517,1.0517,0.0,42737.2388889,42737,0,14,11,
225,01/02,04:45,111,1.0517,1.0517,1.0517,1.0517,0.0,42737.2395833,42737,0,15,11,
226,01/02,04:46,115,1.0517,1.0517,1.0517,1.0517,0.0,42737.2402778,42737,0,16,11,
227,01/02,04:47,134,1.0517,1.0517,1.0517,1.0517,0.0,42737.2409722,42737,0,17,11,
228,01/02,04:48,139,1.0517,1.0517,1.0517,1.0517,0.0,42737.2416667,42737,0,18,11,
229,01/02,04:49,122,1.0517,1.0517,1.0517,1.0517,0.0,42737.2423611,42737,0,19,11,
230,01/02,04:50,126,1.0517,1.0517,1.0517,1.0517,0.0,42737.2430556,42737,0,20,11,
231,01/02,04:51,185,1.0517,1.0517,1.0517,1.0517,0.0,42737.24375,42737,0,21,11,
232,01/02,04:52,121,1.0518,1.0517,1.0518,1.0517,0.0,42737.2444444,42737,0,22,11,
233,01/02,04:53,54,1.0518,1.0518,1.0518,1.0517,0.0,42737.2451389,42737,0,23,11,
234,01/02,04:54,59,1.0518,1.0518,1.0518,1.0517,0.0,42737.2458333,42737,0,24,11,
235,01/02,04:55,67,1.0518,1.0518,1.0518,1.0517,0.0,42737.2465278,42737,0,25,11,
236,01/02,04:56,96,1.0517,1.0517,1.0518,1.0517,0.0,42737.2472222,42737,0,26,11,
237,01/02,04:57,77,1.0517,1.0517,1.0518,1.0517,0.0,42737.2479167,42737,0,27,11,
238,01/02,04:58,92,1.0517,1.0518,1.0518,1.0517,0.0,42737.2486111,42737,0,28,11,
239,01/02,04:59,127,1.0517,1.0517,1.0518,1.0517,0.0,42737.2493056,42737,0,29,11,
240,01/02,05:00,148,1.0517,1.0517,1.0518,1.0517,0.0,42737.25,42737,0,0,12,
241,01/02,05:01,113,1.0517,1.0517,1.0517,1.0517,0.0,42737.2506944,42737,0,1,12,
242,01/02,05:02,99,1.0517,1.0517,1.0517,1.0517,0.0,42737.2513889,42737,0,2,12,
243,01/02,05:03,82,1.0517,1.0517,1.0518,1.0517,0.0,42737.2520833,42737,0,3,12,
244,01/02,05:04,88,1.0517,1.0517,1.0517,1.0517,0.0,42737.2527778,42737,0,4,12,
245,01/02,05:05,105,1.0517,1.0517,1.0518,1.0517,0.0,42737.2534722,42737,0,5,12,
246,01/02,05:06,128,1.0518,1.0517,1.0518,1.0517,0.0,42737.2541667,42737,0,6,12,
247,01/02,05:07,131,1.0518,1.0518,1.0518,1.0517,0.0,42737.2548611,42737,0,7,12,
248,01/02,05:08,129,1.0517,1.0518,1.0518,1.0517,0.0,42737.2555556,42737,0,8,12,
249,01/02,05:09,113,1.0518,1.0517,1.0518,1.0517,0.0,42737.25625,42737,0,9,12,
250,01/02,05:10,102,1.0518,1.0518,1.0518,1.0517,0.0,42737.2569444,42737,0,10,12,
251,01/02,05:11,167,1.0517,1.0518,1.0518,1.0517,0.0,42737.2576389,42737,0,11,12,
252,01/02,05:12,125,1.0517,1.0517,1.0518,1.0517,0.0,42737.2583333,42737,0,12,12,
253,01/02,05:13,97,1.0517,1.0517,1.0517,1.0517,0.0,42737.2590278,42737,0,13,12,
254,01/02,05:14,125,1.0517,1.0517,1.0517,1.0517,0.0,42737.2597222,42737,0,14,12,
255,01/02,05:15,191,1.0517,1.0517,1.0517,1.0517,0.0,42737.2604167,42737,0,15,12,
256,01/02,05:16,146,1.0517,1.0517,1.0517,1.0517,0.0,42737.2611111,42737,0,16,12,
257,01/02,05:17,143,1.0517,1.0517,1.0517,1.0517,0.0,42737.2618056,42737,0,17,12,
258,01/02,05:18,180,1.0517,1.0517,1.0518,1.0517,0.0,42737.2625,42737,0,18,12,
259,01/02,05:19,184,1.0517,1.0517,1.0517,1.0517,0.0,42737.2631944,42737,0,19,12,
260,01/02,05:20,216,1.0516,1.0517,1.0517,1.0516,0.0,42737.2638889,42737,0,20,12,
261,01/02,05:21,222,1.0517,1.0516,1.0517,1.0516,0.0,42737.2645833,42737,0,21,12,
262,01/02,05:22,151,1.0517,1.0517,1.0517,1.0517,0.0,42737.2652778,42737,0,22,12,
263,01/02,05:23,194,1.0517,1.0517,1.0517,1.0517,0.0,42737.2659722,42737,0,23,12,
264,01/02,05:24,200,1.0517,1.0517,1.0517,1.0516,0.0,42737.2666667,42737,0,24,12,
265,01/02,05:25,201,1.0517,1.0517,1.0517,1.0517,0.0,42737.2673611,42737,0,25,12,
266,01/02,05:26,144,1.0517,1.0517,1.0517,1.0517,0.0,42737.2680556,42737,0,26,12,
267,01/02,05:27,125,1.0517,1.0517,1.0517,1.0517,0.0,42737.26875,42737,0,27,12,
268,01/02,05:28,130,1.0517,1.0517,1.0517,1.0517,0.0,42737.2694444,42737,0,28,12,
269,01/02,05:29,140,1.0517,1.0517,1.0517,1.0517,0.0,42737.2701389,42737,0,29,12,
270,01/02,05:30,114,1.0517,1.0517,1.0517,1.0517,0.0,42737.2708333,42737,0,0,13,
271,01/02,05:31,177,1.0517,1.0517,1.0517,1.0517,0.0,42737.2715278,42737,0,1,13,
272,01/02,05:32,84,1.0517,1.0517,1.0517,1.0517,0.0,42737.2722222,42737,0,2,13,
273,01/02,05:33,62,1.0517,1.0517,1.0517,1.0517,0.0,42737.2729167,42737,0,3,13,
274,01/02,05:34,98,1.0517,1.0517,1.0517,1.0517,0.0,42737.2736111,42737,0,4,13,
275,01/02,05:35,180,1.0517,1.0517,1.0517,1.0517,0.0,42737.2743056,42737,0,5,13,
276,01/02,05:36,164,1.0517,1.0517,1.0517,1.0517,0.0,42737.275,42737,0,6,13,
277,01/02,05:37,128,1.0517,1.0517,1.0517,1.0517,0.0,42737.2756944,42737,0,7,13,
278,01/02,05:38,136,1.0517,1.0517,1.0518,1.0517,0.0,42737.2763889,42737,0,8,13,
279,01/02,05:39,301,1.0516,1.0517,1.0519,1.0515,0.0,42737.2770833,42737,0,9,13,
280,01/02,05:40,125,1.0515,1.0516,1.0516,1.0515,0.0,42737.2777778,42737,0,10,13,
281,01/02,05:41,130,1.0515,1.0515,1.0516,1.0515,0.0,42737.2784722,42737,0,11,13,
282,01/02,05:42,90,1.0515,1.0515,1.0516,1.0515,0.0,42737.2791667,42737,0,12,13,
283,01/02,05:43,146,1.0514,1.0515,1.0515,1.0513,0.0,42737.2798611,42737,0,13,13,
284,01/02,05:44,132,1.0514,1.0514,1.0514,1.0514,0.0,42737.2805556,42737,0,14,13,
285,01/02,05:45,149,1.0515,1.0514,1.0515,1.0514,0.0,42737.28125,42737,0,15,13,
286,01/02,05:46,183,1.0515,1.0515,1.0515,1.0514,0.0,42737.2819444,42737,0,16,13,
287,01/02,05:47,120,1.0515,1.0515,1.0515,1.0515,0.0,42737.2826389,42737,0,17,13,
288,01/02,05:48,152,1.0514,1.0515,1.0515,1.0514,0.0,42737.2833333,42737,0,18,13,
289,01/02,05:49,270,1.0512,1.0514,1.0515,1.0512,0.0,42737.2840278,42737,0,19,13,
290,01/02,05:50,164,1.0513,1.0512,1.0514,1.0512,0.0,42737.2847222,42737,0,20,13,
291,01/02,05:51,163,1.0514,1.0513,1.0514,1.0513,0.0,42737.2854167,42737,0,21,13,
292,01/02,05:52,130,1.0513,1.0514,1.0514,1.0513,0.0,42737.2861111,42737,0,22,13,
293,01/02,05:53,101,1.0513,1.0513,1.0514,1.0513,0.0,42737.2868056,42737,0,23,13,
294,01/02,05:54,117,1.0513,1.0513,1.0514,1.0513,0.0,42737.2875,42737,0,24,13,
295,01/02,05:55,145,1.0514,1.0513,1.0514,1.0513,0.0,42737.2881944,42737,0,25,13,
296,01/02,05:56,115,1.0514,1.0514,1.0514,1.0514,0.0,42737.2888889,42737,0,26,13,
297,01/02,05:57,65,1.0514,1.0514,1.0514,1.0514,0.0,42737.2895833,42737,0,27,13,
298,01/02,05:58,119,1.0514,1.0514,1.0514,1.0514,0.0,42737.2902778,42737,0,28,13,
299,01/02,05:59,101,1.0514,1.0514,1.0514,1.0514,0.0,42737.2909722,42737,0,29,13,
300,01/02,06:00,120,1.0514,1.0514,1.0514,1.0514,0.0,42737.2916667,42737,0,0,14,
301,01/02,06:01,113,1.0514,1.0514,1.0514,1.0514,0.0,42737.2923611,42737,0,1,14,
302,01/02,06:02,80,1.0514,1.0514,1.0514,1.0514,0.0,42737.2930556,42737,0,2,14,
303,01/02,06:03,74,1.0514,1.0514,1.0514,1.0514,0.0,42737.29375,42737,0,3,14,
304,01/02,06:04,112,1.0514,1.0514,1.0514,1.0514,0.0,42737.2944444,42737,0,4,14,
305,01/02,06:05,314,1.0514,1.0514,1.0515,1.0511,0.0,42737.2951389,42737,0,5,14,
306,01/02,06:06,209,1.0514,1.0514,1.0515,1.0514,0.0,42737.2958333,42737,0,6,14,
307,01/02,06:07,144,1.0514,1.0514,1.0515,1.0514,0.0,42737.2965278,42737,0,7,14,
308,01/02,06:08,346,1.0511,1.0514,1.0514,1.0511,0.0,42737.2972222,42737,0,8,14,
309,01/02,06:09,123,1.0511,1.0511,1.0511,1.0511,0.0,42737.2979167,42737,0,9,14,
310,01/02,06:10,100,1.0511,1.0511,1.0512,1.0511,0.0,42737.2986111,42737,0,10,14,
311,01/02,06:11,130,1.0511,1.0511,1.0511,1.0511,0.0,42737.2993056,42737,0,11,14,
312,01/02,06:12,117,1.0511,1.0511,1.0511,1.0511,0.0,42737.3,42737,0,12,14,
313,01/02,06:13,138,1.0511,1.0511,1.0512,1.0511,0.0,42737.3006944,42737,0,13,14,
314,01/02,06:14,130,1.0511,1.0511,1.0511,1.0511,0.0,42737.3013889,42737,0,14,14,
315,01/02,06:15,91,1.0511,1.0511,1.0512,1.0511,0.0,42737.3020833,42737,0,15,14,
316,01/02,06:16,88,1.0511,1.0511,1.0512,1.0511,0.0,42737.3027778,42737,0,16,14,
317,01/02,06:17,125,1.0511,1.0511,1.0512,1.0511,0.0,42737.3034722,42737,0,17,14,
318,01/02,06:18,96,1.0511,1.0511,1.0512,1.0511,0.0,42737.3041667,42737,0,18,14,
319,01/02,06:19,80,1.0511,1.0511,1.0511,1.0511,0.0,42737.3048611,42737,0,19,14,
320,01/02,06:20,88,1.0511,1.0511,1.0512,1.0511,0.0,42737.3055556,42737,0,20,14,
321,01/02,06:21,368,1.0513,1.0511,1.0515,1.0511,0.0,42737.30625,42737,0,21,14,
322,01/02,06:22,177,1.0513,1.0513,1.0513,1.0512,0.0,42737.3069444,42737,0,22,14,
323,01/02,06:23,224,1.0512,1.0513,1.0513,1.0512,0.0,42737.3076389,42737,0,23,14,
324,01/02,06:24,150,1.0512,1.0512,1.0512,1.0512,0.0,42737.3083333,42737,0,24,14,
325,01/02,06:25,203,1.0512,1.0512,1.0512,1.0512,0.0,42737.3090278,42737,0,25,14,
326,01/02,06:26,162,1.0512,1.0512,1.0512,1.0512,0.0,42737.3097222,42737,0,26,14,
327,01/02,06:27,147,1.0512,1.0512,1.0512,1.0512,0.0,42737.3104167,42737,0,27,14,
328,01/02,06:28,206,1.0512,1.0512,1.0513,1.0512,0.0,42737.3111111,42737,0,28,14,
329,01/02,06:29,181,1.0512,1.0512,1.0512,1.0512,0.0,42737.3118056,42737,0,29,14,
330,01/02,06:30,206,1.0512,1.0512,1.0512,1.0512,0.0,42737.3125,42737,0,0,15,
331,01/02,06:31,198,1.0512,1.0512,1.0512,1.0512,0.0,42737.3131944,42737,0,1,15,
332,01/02,06:32,190,1.0512,1.0512,1.0512,1.0512,0.0,42737.3138889,42737,0,2,15,
333,01/02,06:33,243,1.0512,1.0512,1.0512,1.0511,0.0,42737.3145833,42737,0,3,15,
334,01/02,06:34,399,1.0515,1.0512,1.0515,1.0512,0.0,42737.3152778,42737,0,4,15,
335,01/02,06:35,221,1.0514,1.0515,1.0515,1.0514,0.0,42737.3159722,42737,0,5,15,
336,01/02,06:36,236,1.0515,1.0514,1.0515,1.0514,0.0,42737.3166667,42737,0,6,15,
337,01/02,06:37,196,1.0515,1.0515,1.0516,1.0515,0.0,42737.3173611,42737,0,7,15,
338,01/02,06:38,270,1.0515,1.0515,1.0516,1.0514,0.0,42737.3180556,42737,0,8,15,
339,01/02,06:39,179,1.0515,1.0515,1.0515,1.0515,0.0,42737.31875,42737,0,9,15,
340,01/02,06:40,168,1.0515,1.0515,1.0515,1.0515,0.0,42737.3194444,42737,0,10,15,
341,01/02,06:41,270,1.0515,1.0515,1.0515,1.0515,0.0,42737.3201389,42737,0,11,15,
342,01/02,06:42,201,1.0515,1.0515,1.0515,1.0515,0.0,42737.3208333,42737,0,12,15,
343,01/02,06:43,199,1.0515,1.0515,1.0515,1.0515,0.0,42737.3215278,42737,0,13,15,
344,01/02,06:44,172,1.0515,1.0515,1.0515,1.0515,0.0,42737.3222222,42737,0,14,15,
345,01/02,06:45,246,1.0516,1.0515,1.0516,1.0515,0.0,42737.3229167,42737,0,15,15,
346,01/02,06:46,201,1.0516,1.0516,1.0516,1.0516,0.0,42737.3236111,42737,0,16,15,
347,01/02,06:47,206,1.0516,1.0516,1.0516,1.0516,0.0,42737.3243056,42737,0,17,15,
348,01/02,06:48,302,1.0516,1.0516,1.0516,1.0516,0.0,42737.325,42737,0,18,15,
349,01/02,06:49,267,1.0516,1.0516,1.0516,1.0516,0.0,42737.3256944,42737,0,19,15,
350,01/02,06:50,359,1.0516,1.0516,1.0516,1.0516,0.0,42737.3263889,42737,0,20,15,
351,01/02,06:51,330,1.0516,1.0516,1.0516,1.0516,0.0,42737.3270833,42737,0,21,15,
352,01/02,06:52,264,1.0516,1.0516,1.0516,1.0516,0.0,42737.3277778,42737,0,22,15,
353,01/02,06:53,200,1.0516,1.0516,1.0516,1.0516,0.0,42737.3284722,42737,0,23,15,
354,01/02,06:54,328,1.0516,1.0516,1.0517,1.0516,0.0,42737.3291667,42737,0,24,15,
355,01/02,06:55,209,1.0516,1.0516,1.0516,1.0515,0.0,42737.3298611,42737,0,25,15,
356,01/02,06:56,248,1.0516,1.0516,1.0516,1.0515,0.0,42737.3305556,42737,0,26,15,
357,01/02,06:57,207,1.0516,1.0516,1.0516,1.0515,0.0,42737.33125,42737,0,27,15,
358,01/02,06:58,236,1.0516,1.0516,1.0516,1.0515,0.0,42737.3319444,42737,0,28,15,
359,01/02,06:59,194,1.0516,1.0516,1.0516,1.0516,0.0,42737.3326389,42737,0,29,15,
360,01/02,07:00,794,1.0521,1.0516,1.0521,1.0516,0.0,42737.3333333,42737,0,0,16,
361,01/02,07:01,657,1.052,1.0521,1.0522,1.052,0.0,42737.3340278,42737,0,1,16,
362,01/02,07:02,576,1.052,1.052,1.0522,1.052,0.0,42737.3347222,42737,0,2,16,
363,01/02,07:03,348,1.0522,1.052,1.0522,1.052,0.0,42737.3354167,42737,0,3,16,
364,01/02,07:04,360,1.0522,1.0522,1.0522,1.0522,0.0,42737.3361111,42737,0,4,16,
365,01/02,07:05,266,1.0522,1.0522,1.0522,1.0522,0.0,42737.3368056,42737,0,5,16,
366,01/02,07:06,297,1.0522,1.0522,1.0522,1.0522,0.0,42737.3375,42737,0,6,16,
367,01/02,07:07,357,1.0523,1.0522,1.0523,1.0522,0.0,42737.3381944,42737,0,7,16,
368,01/02,07:08,335,1.0523,1.0523,1.0523,1.0523,0.0,42737.3388889,42737,0,8,16,
369,01/02,07:09,314,1.0523,1.0523,1.0523,1.0523,0.0,42737.3395833,42737,0,9,16,
370,01/02,07:10,397,1.0523,1.0523,1.0523,1.0523,0.0,42737.3402778,42737,0,10,16,
371,01/02,07:11,348,1.0523,1.0523,1.0523,1.0523,0.0,42737.3409722,42737,0,11,16,
372,01/02,07:12,361,1.0523,1.0523,1.0523,1.0523,0.0,42737.3416667,42737,0,12,16,
373,01/02,07:13,376,1.0523,1.0523,1.0523,1.0523,0.0,42737.3423611,42737,0,13,16,
374,01/02,07:14,391,1.0522,1.0523,1.0523,1.0522,0.0,42737.3430556,42737,0,14,16,
375,01/02,07:15,325,1.0522,1.0522,1.0523,1.0522,0.0,42737.34375,42737,0,15,16,
376,01/02,07:16,351,1.0522,1.0522,1.0523,1.0522,0.0,42737.3444444,42737,0,16,16,
377,01/02,07:17,344,1.0522,1.0522,1.0522,1.0522,0.0,42737.3451389,42737,0,17,16,
378,01/02,07:18,310,1.0522,1.0522,1.0522,1.0522,0.0,42737.3458333,42737,0,18,16,
379,01/02,07:19,396,1.052,1.0522,1.0522,1.0519,0.0,42737.3465278,42737,0,19,16,
380,01/02,07:20,364,1.052,1.052,1.052,1.0519,0.0,42737.3472222,42737,0,20,16,
381,01/02,07:21,430,1.052,1.052,1.0521,1.0519,0.0,42737.3479167,42737,0,21,16,
382,01/02,07:22,386,1.052,1.052,1.052,1.052,0.0,42737.3486111,42737,0,22,16,
383,01/02,07:23,338,1.052,1.052,1.052,1.052,0.0,42737.3493056,42737,0,23,16,
384,01/02,07:24,407,1.052,1.052,1.052,1.052,0.0,42737.35,42737,0,24,16,
385,01/02,07:25,423,1.052,1.052,1.052,1.052,0.0,42737.3506944,42737,0,25,16,
386,01/02,07:26,265,1.052,1.052,1.052,1.052,0.0,42737.3513889,42737,0,26,16,
387,01/02,07:27,331,1.052,1.052,1.052,1.052,0.0,42737.3520833,42737,0,27,16,
388,01/02,07:28,316,1.052,1.052,1.052,1.052,0.0,42737.3527778,42737,0,28,16,
389,01/02,07:29,301,1.052,1.052,1.052,1.052,0.0,42737.3534722,42737,0,29,16,
390,01/02,07:30,529,1.052,1.052,1.0521,1.052,0.0,42737.3541667,42737,0,0,17,
391,01/02,07:31,1185,1.052,1.052,1.0522,1.0519,0.0,42737.3548611,42737,0,1,17,
392,01/02,07:32,1207,1.0521,1.052,1.0521,1.052,0.0,42737.3555556,42737,0,2,17,
393,01/02,07:33,839,1.0521,1.0521,1.0521,1.0521,0.0,42737.35625,42737,0,3,17,
394,01/02,07:34,1084,1.0522,1.0521,1.0522,1.0521,0.0,42737.3569444,42737,0,4,17,
395,01/02,07:35,886,1.0521,1.0522,1.0522,1.0521,0.0,42737.3576389,42737,0,5,17,
396,01/02,07:36,877,1.0521,1.0521,1.0522,1.0521,0.0,42737.3583333,42737,0,6,17,
397,01/02,07:37,1221,1.0521,1.0521,1.0524,1.0521,0.0,42737.3590278,42737,0,7,17,
398,01/02,07:38,909,1.0519,1.0521,1.0521,1.0519,0.0,42737.3597222,42737,0,8,17,
399,01/02,07:39,776,1.052,1.0519,1.052,1.0519,0.0,42737.3604167,42737,0,9,17,
400,01/02,07:40,702,1.052,1.052,1.052,1.0519,0.0,42737.3611111,42737,0,10,17,
401,01/02,07:41,939,1.0518,1.052,1.052,1.0518,0.0,42737.3618056,42737,0,11,17,
402,01/02,07:42,735,1.0519,1.0519,1.0519,1.0518,0.0,42737.3625,42737,0,12,17,
403,01/02,07:43,846,1.0519,1.0519,1.0519,1.0518,0.0,42737.3631944,42737,0,13,17,
404,01/02,07:44,814,1.0519,1.0519,1.052,1.0519,0.0,42737.3638889,42737,0,14,17,
405,01/02,07:45,411,1.0518,1.0519,1.052,1.0518,0.0,42737.3645833,42737,0,15,17,
406,01/02,07:46,363,1.0518,1.0518,1.0519,1.0518,0.0,42737.3652778,42737,0,16,17,
407,01/02,07:47,615,1.0517,1.0518,1.0518,1.0517,0.0,42737.3659722,42737,0,17,17,
408,01/02,07:48,355,1.0517,1.0517,1.0517,1.0517,0.0,42737.3666667,42737,0,18,17,
409,01/02,07:49,438,1.0517,1.0517,1.0517,1.0516,0.0,42737.3673611,42737,0,19,17,
410,01/02,07:50,425,1.0516,1.0517,1.0517,1.0516,0.0,42737.3680556,42737,0,20,17,
411,01/02,07:51,540,1.0516,1.0516,1.0516,1.0516,0.0,42737.36875,42737,0,21,17,
412,01/02,07:52,357,1.0516,1.0516,1.0516,1.0516,0.0,42737.3694444,42737,0,22,17,
413,01/02,07:53,676,1.0516,1.0516,1.0517,1.0516,0.0,42737.3701389,42737,0,23,17,
414,01/02,07:54,534,1.0515,1.0516,1.0516,1.0515,0.0,42737.3708333,42737,0,24,17,
415,01/02,07:55,469,1.0515,1.0515,1.0515,1.0515,0.0,42737.3715278,42737,0,25,17,
416,01/02,07:56,699,1.0514,1.0515,1.0515,1.0513,0.0,42737.3722222,42737,0,26,17,
417,01/02,07:57,481,1.0514,1.0514,1.0514,1.0514,0.0,42737.3729167,42737,0,27,17,
418,01/02,07:58,757,1.0516,1.0514,1.0516,1.0514,0.0,42737.3736111,42737,0,28,17,
419,01/02,07:59,634,1.0516,1.0516,1.0516,1.0516,0.0,42737.3743056,42737,0,29,17,
420,01/02,08:00,574,1.0516,1.0516,1.0517,1.0516,0.0,42737.375,42737,0,0,18,
421,01/02,08:01,400,1.0516,1.0516,1.0516,1.0516,0.0,42737.3756944,42737,0,1,18,
422,01/02,08:02,714,1.0517,1.0516,1.0518,1.0516,0.0,42737.3763889,42737,0,2,18,
423,01/02,08:03,1008,1.0517,1.0517,1.0518,1.0517,0.0,42737.3770833,42737,0,3,18,
424,01/02,08:04,876,1.0517,1.0517,1.0518,1.0517,0.0,42737.3777778,42737,0,4,18,
425,01/02,08:05,1064,1.0519,1.0517,1.0519,1.0517,0.0,42737.3784722,42737,0,5,18,
426,01/02,08:06,1059,1.0518,1.0519,1.0519,1.0517,0.0,42737.3791667,42737,0,6,18,
427,01/02,08:07,925,1.0517,1.0518,1.0518,1.0517,0.0,42737.3798611,42737,0,7,18,
428,01/02,08:08,1471,1.0517,1.0517,1.0518,1.0516,0.0,42737.3805556,42737,0,8,18,
429,01/02,08:09,1225,1.0517,1.0517,1.0517,1.0516,0.0,42737.38125,42737,0,9,18,
430,01/02,08:10,477,1.0516,1.0517,1.0517,1.0516,0.0,42737.3819444,42737,0,10,18,
431,01/02,08:11,717,1.0516,1.0516,1.0518,1.0516,0.0,42737.3826389,42737,0,11,18,
432,01/02,08:12,807,1.0517,1.0516,1.0517,1.0515,0.0,42737.3833333,42737,0,12,18,
433,01/02,08:13,522,1.0516,1.0517,1.0517,1.0516,0.0,42737.3840278,42737,0,13,18,
434,01/02,08:14,518,1.0516,1.0516,1.0517,1.0516,0.0,42737.3847222,42737,0,14,18,
435,01/02,08:15,608,1.0516,1.0516,1.0516,1.0516,0.0,42737.3854167,42737,0,15,18,
436,01/02,08:16,856,1.0516,1.0516,1.0516,1.0515,0.0,42737.3861111,42737,0,16,18,
437,01/02,08:17,680,1.0515,1.0516,1.0516,1.0514,0.0,42737.3868056,42737,0,17,18,
438,01/02,08:18,1170,1.0512,1.0515,1.0516,1.0512,0.0,42737.3875,42737,0,18,18,
439,01/02,08:19,1227,1.051,1.0512,1.0513,1.051,0.0,42737.3881944,42737,0,19,18,
440,01/02,08:20,513,1.0511,1.051,1.0511,1.051,0.0,42737.3888889,42737,0,20,18,
441,01/02,08:21,499,1.0511,1.0511,1.0511,1.0511,0.0,42737.3895833,42737,0,21,18,
442,01/02,08:22,503,1.0512,1.0511,1.0512,1.0511,0.0,42737.3902778,42737,0,22,18,
443,01/02,08:23,616,1.0513,1.0512,1.0514,1.0512,0.0,42737.3909722,42737,0,23,18,
444,01/02,08:24,597,1.0513,1.0513,1.0513,1.0512,0.0,42737.3916667,42737,0,24,18,
445,01/02,08:25,429,1.0513,1.0513,1.0513,1.0512,0.0,42737.3923611,42737,0,25,18,
446,01/02,08:26,430,1.0513,1.0513,1.0513,1.0513,0.0,42737.3930556,42737,0,26,18,
447,01/02,08:27,544,1.0513,1.0513,1.0513,1.0513,0.0,42737.39375,42737,0,27,18,
448,01/02,08:28,553,1.0513,1.0513,1.0513,1.0512,0.0,42737.3944444,42737,0,28,18,
449,01/02,08:29,460,1.0513,1.0513,1.0513,1.0512,0.0,42737.3951389,42737,0,29,18,
450,01/02,08:30,560,1.0513,1.0513,1.0513,1.0511,0.0,42737.3958333,42737,0,0,19,
451,01/02,08:31,501,1.0513,1.0513,1.0513,1.0512,0.0,42737.3965278,42737,0,1,19,
452,01/02,08:32,1359,1.0513,1.0513,1.0514,1.0512,0.0,42737.3972222,42737,0,2,19,
453,01/02,08:33,1715,1.0515,1.0513,1.0516,1.0513,0.0,42737.3979167,42737,0,3,19,
454,01/02,08:34,1475,1.0512,1.0515,1.0516,1.0512,0.0,42737.3986111,42737,0,4,19,
455,01/02,08:35,1611,1.0513,1.0512,1.0514,1.0512,0.0,42737.3993056,42737,0,5,19,
456,01/02,08:36,1025,1.0514,1.0513,1.0515,1.0513,0.0,42737.4,42737,0,6,19,
457,01/02,08:37,463,1.0514,1.0514,1.0514,1.0513,0.0,42737.4006944,42737,0,7,19,
458,01/02,08:38,503,1.0514,1.0514,1.0514,1.0512,0.0,42737.4013889,42737,0,8,19,
459,01/02,08:39,587,1.0514,1.0514,1.0515,1.0513,0.0,42737.4020833,42737,0,9,19,
460,01/02,08:40,1370,1.0513,1.0514,1.0516,1.0513,0.0,42737.4027778,42737,0,10,19,
461,01/02,08:41,1491,1.0512,1.0513,1.0514,1.0512,0.0,42737.4034722,42737,0,11,19,
462,01/02,08:42,1418,1.0514,1.0512,1.0514,1.0511,0.0,42737.4041667,42737,0,12,19,
463,01/02,08:43,776,1.0512,1.0514,1.0514,1.0511,0.0,42737.4048611,42737,0,13,19,
464,01/02,08:44,1224,1.0512,1.0512,1.0514,1.0512,0.0,42737.4055556,42737,0,14,19,
465,01/02,08:45,1016,1.0509,1.0512,1.0512,1.0508,0.0,42737.40625,42737,0,15,19,
466,01/02,08:46,604,1.0509,1.0509,1.0509,1.0508,0.0,42737.4069444,42737,0,16,19,
467,01/02,08:47,462,1.051,1.0509,1.051,1.0509,0.0,42737.4076389,42737,0,17,19,
468,01/02,08:48,408,1.051,1.051,1.051,1.051,0.0,42737.4083333,42737,0,18,19,
469,01/02,08:49,537,1.051,1.051,1.051,1.0509,0.0,42737.4090278,42737,0,19,19,
470,01/02,08:50,444,1.0509,1.051,1.051,1.0509,0.0,42737.4097222,42737,0,20,19,
471,01/02,08:51,583,1.051,1.0509,1.051,1.0509,0.0,42737.4104167,42737,0,21,19,
472,01/02,08:52,621,1.0508,1.051,1.051,1.0508,0.0,42737.4111111,42737,0,22,19,
473,01/02,08:53,840,1.0509,1.0508,1.0509,1.0508,0.0,42737.4118056,42737,0,23,19,
474,01/02,08:54,512,1.0508,1.0509,1.0509,1.0508,0.0,42737.4125,42737,0,24,19,
475,01/02,08:55,468,1.0508,1.0508,1.0508,1.0508,0.0,42737.4131944,42737,0,25,19,
476,01/02,08:56,489,1.0507,1.0508,1.0508,1.0507,0.0,42737.4138889,42737,0,26,19,
477,01/02,08:57,890,1.05,1.0508,1.0508,1.05,0.0,42737.4145833,42737,0,27,19,
478,01/02,08:58,1972,1.0494,1.05,1.05,1.0488,0.0,42737.4152778,42737,0,28,19,
479,01/02,08:59,1561,1.0489,1.0494,1.0494,1.0489,0.0,42737.4159722,42737,0,29,19,
480,01/02,09:00,1348,1.0491,1.0489,1.0493,1.0489,0.0,42737.4166667,42737,0,0,20,
481,01/02,09:01,2051,1.0482,1.0491,1.0493,1.0482,0.0,42737.4173611,42737,0,1,20,
482,01/02,09:02,1230,1.0479,1.0482,1.0482,1.0479,0.0,42737.4180556,42737,0,2,20,
483,01/02,09:03,1404,1.048,1.0479,1.0481,1.0478,0.0,42737.41875,42737,0,3,20,
484,01/02,09:04,701,1.0478,1.048,1.048,1.0478,0.0,42737.4194444,42737,0,4,20,
485,01/02,09:05,494,1.0479,1.0478,1.0479,1.0478,0.0,42737.4201389,42737,0,5,20,
486,01/02,09:06,790,1.048,1.0479,1.048,1.0479,0.0,42737.4208333,42737,0,6,20,
487,01/02,09:07,1380,1.048,1.048,1.048,1.048,0.0,42737.4215278,42737,0,7,20,
488,01/02,09:08,1397,1.0481,1.048,1.0483,1.048,0.0,42737.4222222,42737,0,8,20,
489,01/02,09:09,769,1.0481,1.0481,1.0481,1.0481,0.0,42737.4229167,42737,0,9,20,
490,01/02,09:10,635,1.0482,1.0481,1.0482,1.0481,0.0,42737.4236111,42737,0,10,20,
491,01/02,09:11,1132,1.0481,1.0482,1.0482,1.048,0.0,42737.4243056,42737,0,11,20,
492,01/02,09:12,1506,1.048,1.0481,1.0481,1.0478,0.0,42737.425,42737,0,12,20,
493,01/02,09:13,1040,1.0481,1.048,1.0481,1.0479,0.0,42737.4256944,42737,0,13,20,
494,01/02,09:14,1379,1.048,1.0481,1.0481,1.048,0.0,42737.4263889,42737,0,14,20,
495,01/02,09:15,1052,1.0483,1.048,1.0483,1.048,0.0,42737.4270833,42737,0,15,20,
496,01/02,09:16,1350,1.0482,1.0483,1.0483,1.0481,0.0,42737.4277778,42737,0,16,20,
497,01/02,09:17,1361,1.0483,1.0482,1.0483,1.0481,0.0,42737.4284722,42737,0,17,20,
498,01/02,09:18,1265,1.0481,1.0483,1.0483,1.0481,0.0,42737.4291667,42737,0,18,20,
499,01/02,09:19,1381,1.0483,1.0481,1.0483,1.0481,0.0,42737.4298611,42737,0,19,20,
500,01/02,09:20,779,1.0483,1.0483,1.0484,1.0483,0.0,42737.4305556,42737,0,20,20,
501,01/02,09:21,653,1.0483,1.0483,1.0483,1.0482,0.0,42737.43125,42737,0,21,20,
502,01/02,09:22,897,1.0483,1.0483,1.0483,1.0483,0.0,42737.4319444,42737,0,22,20,
503,01/02,09:23,1142,1.0483,1.0483,1.0483,1.0483,0.0,42737.4326389,42737,0,23,20,
504,01/02,09:24,1229,1.0483,1.0483,1.0484,1.0483,0.0,42737.4333333,42737,0,24,20,
505,01/02,09:25,1054,1.0484,1.0483,1.0484,1.0483,0.0,42737.4340278,42737,0,25,20,
506,01/02,09:26,1085,1.0483,1.0484,1.0484,1.0482,0.0,42737.4347222,42737,0,26,20,
507,01/02,09:27,1027,1.0483,1.0483,1.0483,1.0482,0.0,42737.4354167,42737,0,27,20,
508,01/02,09:28,1033,1.0483,1.0483,1.0483,1.0482,0.0,42737.4361111,42737,0,28,20,
509,01/02,09:29,930,1.0483,1.0483,1.0483,1.0482,0.0,42737.4368056,42737,0,29,20,
510,01/02,09:30,800,1.0484,1.0483,1.0484,1.0483,0.0,42737.4375,42737,0,0,21,
511,01/02,09:31,1080,1.0484,1.0484,1.0484,1.0483,0.0,42737.4381944,42737,0,1,21,
512,01/02,09:32,465,1.0483,1.0484,1.0484,1.0483,0.0,42737.4388889,42737,0,2,21,
513,01/02,09:33,494,1.0483,1.0483,1.0483,1.0483,0.0,42737.4395833,42737,0,3,21,
514,01/02,09:34,1499,1.0485,1.0483,1.0485,1.0483,0.0,42737.4402778,42737,0,4,21,
515,01/02,09:35,1077,1.0488,1.0485,1.0488,1.0485,0.0,42737.4409722,42737,0,5,21,
516,01/02,09:36,1257,1.049,1.0488,1.049,1.0488,0.0,42737.4416667,42737,0,6,21,
517,01/02,09:37,1111,1.0489,1.049,1.049,1.0489,0.0,42737.4423611,42737,0,7,21,
518,01/02,09:38,441,1.0489,1.0489,1.0489,1.0488,0.0,42737.4430556,42737,0,8,21,
519,01/02,09:39,501,1.0489,1.0489,1.0489,1.0489,0.0,42737.44375,42737,0,9,21,
520,01/02,09:40,1112,1.0489,1.0489,1.049,1.0488,0.0,42737.4444444,42737,0,10,21,
521,01/02,09:41,1146,1.049,1.0489,1.049,1.0488,0.0,42737.4451389,42737,0,11,21,
522,01/02,09:42,883,1.0488,1.049,1.049,1.0487,0.0,42737.4458333,42737,0,12,21,
523,01/02,09:43,401,1.0488,1.0488,1.0488,1.0488,0.0,42737.4465278,42737,0,13,21,
524,01/02,09:44,498,1.0488,1.0488,1.0489,1.0488,0.0,42737.4472222,42737,0,14,21,
525,01/02,09:45,630,1.0489,1.0489,1.0489,1.0488,0.0,42737.4479167,42737,0,15,21,
526,01/02,09:46,932,1.0487,1.0489,1.0489,1.0487,0.0,42737.4486111,42737,0,16,21,
527,01/02,09:47,538,1.0487,1.0487,1.0487,1.0487,0.0,42737.4493056,42737,0,17,21,
528,01/02,09:48,445,1.0488,1.0487,1.0488,1.0487,0.0,42737.45,42737,0,18,21,
529,01/02,09:49,501,1.0488,1.0488,1.0488,1.0487,0.0,42737.4506944,42737,0,19,21,
530,01/02,09:50,460,1.0487,1.0488,1.0488,1.0487,0.0,42737.4513889,42737,0,20,21,
531,01/02,09:51,598,1.0489,1.0487,1.0489,1.0487,0.0,42737.4520833,42737,0,21,21,
532,01/02,09:52,756,1.0488,1.0489,1.0489,1.0487,0.0,42737.4527778,42737,0,22,21,
533,01/02,09:53,488,1.0486,1.0488,1.0488,1.0486,0.0,42737.4534722,42737,0,23,21,
534,01/02,09:54,461,1.0488,1.0486,1.0488,1.0486,0.0,42737.4541667,42737,0,24,21,
535,01/02,09:55,543,1.0487,1.0488,1.0488,1.0487,0.0,42737.4548611,42737,0,25,21,
536,01/02,09:56,444,1.0487,1.0487,1.0488,1.0487,0.0,42737.4555556,42737,0,26,21,
537,01/02,09:57,348,1.0488,1.0487,1.0488,1.0487,0.0,42737.45625,42737,0,27,21,
538,01/02,09:58,477,1.0488,1.0488,1.0488,1.0487,0.0,42737.4569444,42737,0,28,21,
539,01/02,09:59,1430,1.0487,1.0488,1.0489,1.0487,0.0,42737.4576389,42737,0,29,21,
540,01/02,10:00,2041,1.0487,1.0487,1.0489,1.0486,0.0,42737.4583333,42737,0,0,22,
541,01/02,10:01,853,1.0486,1.0487,1.0487,1.0486,0.0,42737.4590278,42737,0,1,22,
542,01/02,10:02,1037,1.0486,1.0486,1.0486,1.0486,0.0,42737.4597222,42737,0,2,22,
543,01/02,10:03,863,1.0486,1.0486,1.0487,1.0486,0.0,42737.4604167,42737,0,3,22,
544,01/02,10:04,383,1.0486,1.0486,1.0486,1.0486,0.0,42737.4611111,42737,0,4,22,
545,01/02,10:05,489,1.0487,1.0486,1.0487,1.0486,0.0,42737.4618056,42737,0,5,22,
546,01/02,10:06,357,1.0487,1.0487,1.0488,1.0487,0.0,42737.4625,42737,0,6,22,
547,01/02,10:07,372,1.0487,1.0487,1.0488,1.0487,0.0,42737.4631944,42737,0,7,22,
548,01/02,10:08,354,1.0488,1.0487,1.0488,1.0487,0.0,42737.4638889,42737,0,8,22,
549,01/02,10:09,301,1.0487,1.0488,1.0488,1.0487,0.0,42737.4645833,42737,0,9,22,
550,01/02,10:10,728,1.0489,1.0487,1.0489,1.0487,0.0,42737.4652778,42737,0,10,22,
551,01/02,10:11,804,1.0489,1.0489,1.0489,1.0488,0.0,42737.4659722,42737,0,11,22,
552,01/02,10:12,567,1.0488,1.0489,1.0489,1.0487,0.0,42737.4666667,42737,0,12,22,
553,01/02,10:13,427,1.0489,1.0488,1.0489,1.0488,0.0,42737.4673611,42737,0,13,22,
554,01/02,10:14,653,1.0489,1.0489,1.0489,1.0488,0.0,42737.4680556,42737,0,14,22,
555,01/02,10:15,1254,1.0488,1.0489,1.0489,1.0488,0.0,42737.46875,42737,0,15,22,
556,01/02,10:16,1698,1.0489,1.0488,1.0489,1.0487,0.0,42737.4694444,42737,0,16,22,
557,01/02,10:17,1267,1.0488,1.0489,1.0489,1.0488,0.0,42737.4701389,42737,0,17,22,
558,01/02,10:18,1361,1.0488,1.0488,1.0488,1.0487,0.0,42737.4708333,42737,0,18,22,
559,01/02,10:19,504,1.0487,1.0488,1.0488,1.0487,0.0,42737.4715278,42737,0,19,22,
560,01/02,10:20,624,1.0487,1.0487,1.0488,1.0487,0.0,42737.4722222,42737,0,20,22,
561,01/02,10:21,433,1.0487,1.0487,1.0487,1.0487,0.0,42737.4729167,42737,0,21,22,
562,01/02,10:22,393,1.0486,1.0487,1.0487,1.0486,0.0,42737.4736111,42737,0,22,22,
563,01/02,10:23,659,1.0485,1.0486,1.0486,1.0484,0.0,42737.4743056,42737,0,23,22,
564,01/02,10:24,887,1.0483,1.0485,1.0486,1.0483,0.0,42737.475,42737,0,24,22,
565,01/02,10:25,590,1.0483,1.0483,1.0485,1.0483,0.0,42737.4756944,42737,0,25,22,
566,01/02,10:26,837,1.0483,1.0483,1.0484,1.0482,0.0,42737.4763889,42737,0,26,22,
567,01/02,10:27,411,1.0483,1.0483,1.0483,1.0483,0.0,42737.4770833,42737,0,27,22,
568,01/02,10:28,660,1.0481,1.0483,1.0483,1.0481,0.0,42737.4777778,42737,0,28,22,
569,01/02,10:29,722,1.0481,1.0481,1.0481,1.0481,0.0,42737.4784722,42737,0,29,22,
570,01/02,10:30,1208,1.0481,1.0481,1.0481,1.0481,0.0,42737.4791667,42737,0,0,23,
571,01/02,10:31,1400,1.0483,1.0481,1.0483,1.0481,0.0,42737.4798611,42737,0,1,23,
572,01/02,10:32,572,1.0483,1.0483,1.0484,1.0483,0.0,42737.4805556,42737,0,2,23,
573,01/02,10:33,752,1.0482,1.0483,1.0483,1.0482,0.0,42737.48125,42737,0,3,23,
574,01/02,10:34,557,1.0481,1.0482,1.0482,1.0481,0.0,42737.4819444,42737,0,4,23,
575,01/02,10:35,935,1.0481,1.0481,1.0482,1.0481,0.0,42737.4826389,42737,0,5,23,
576,01/02,10:36,831,1.0483,1.0481,1.0483,1.0481,0.0,42737.4833333,42737,0,6,23,
577,01/02,10:37,1941,1.0483,1.0483,1.0483,1.0482,0.0,42737.4840278,42737,0,7,23,
578,01/02,10:38,1745,1.0482,1.0483,1.0483,1.0482,0.0,42737.4847222,42737,0,8,23,
579,01/02,10:39,1670,1.0483,1.0482,1.0484,1.0482,0.0,42737.4854167,42737,0,9,23,
580,01/02,10:40,1159,1.0483,1.0484,1.0484,1.0483,0.0,42737.4861111,42737,0,10,23,
581,01/02,10:41,1254,1.0483,1.0483,1.0484,1.0483,0.0,42737.4868056,42737,0,11,23,
582,01/02,10:42,958,1.0483,1.0483,1.0483,1.0483,0.0,42737.4875,42737,0,12,23,
583,01/02,10:43,1109,1.0484,1.0483,1.0484,1.0482,0.0,42737.4881944,42737,0,13,23,
584,01/02,10:44,1194,1.0483,1.0484,1.0484,1.0481,0.0,42737.4888889,42737,0,14,23,
585,01/02,10:45,1122,1.0483,1.0483,1.0484,1.0483,0.0,42737.4895833,42737,0,15,23,
586,01/02,10:46,1280,1.0483,1.0483,1.0483,1.0483,0.0,42737.4902778,42737,0,16,23,
587,01/02,10:47,1078,1.0481,1.0483,1.0483,1.0481,0.0,42737.4909722,42737,0,17,23,
588,01/02,10:48,827,1.0483,1.0481,1.0483,1.0481,0.0,42737.4916667,42737,0,18,23,
589,01/02,10:49,769,1.048,1.0483,1.0483,1.0479,0.0,42737.4923611,42737,0,19,23,
590,01/02,10:50,590,1.048,1.048,1.0481,1.048,0.0,42737.4930556,42737,0,20,23,
591,01/02,10:51,577,1.048,1.048,1.048,1.0479,0.0,42737.49375,42737,0,21,23,
592,01/02,10:52,805,1.0482,1.048,1.0483,1.0479,0.0,42737.4944444,42737,0,22,23,
593,01/02,10:53,792,1.0484,1.0482,1.0484,1.0482,0.0,42737.4951389,42737,0,23,23,
594,01/02,10:54,573,1.0484,1.0484,1.0484,1.0484,0.0,42737.4958333,42737,0,24,23,
595,01/02,10:55,1062,1.0484,1.0484,1.0484,1.0483,0.0,42737.4965278,42737,0,25,23,
596,01/02,10:56,704,1.0484,1.0484,1.0484,1.0483,0.0,42737.4972222,42737,0,26,23,
597,01/02,10:57,572,1.0481,1.0484,1.0484,1.0481,0.0,42737.4979167,42737,0,27,23,
598,01/02,10:58,331,1.0481,1.0481,1.0481,1.0481,0.0,42737.4986111,42737,0,28,23,
599,01/02,10:59,395,1.0481,1.0481,1.0482,1.0481,0.0,42737.4993056,42737,0,29,23,
600,01/02,11:00,472,1.0481,1.0481,1.0481,1.048,0.0,42737.5,42737,0,0,24,
601,01/02,11:01,432,1.0481,1.0481,1.0481,1.0481,0.0,42737.5006944,42737,0,1,24,
602,01/02,11:02,404,1.048,1.0481,1.0481,1.048,0.0,42737.5013889,42737,0,2,24,
603,01/02,11:03,406,1.048,1.048,1.0481,1.048,0.0,42737.5020833,42737,0,3,24,
604,01/02,11:04,449,1.048,1.048,1.0481,1.048,0.0,42737.5027778,42737,0,4,24,
605,01/02,11:05,494,1.0481,1.048,1.0481,1.048,0.0,42737.5034722,42737,0,5,24,
606,01/02,11:06,814,1.0481,1.0481,1.0481,1.048,0.0,42737.5041667,42737,0,6,24,
607,01/02,11:07,1004,1.0481,1.0481,1.0481,1.048,0.0,42737.5048611,42737,0,7,24,
608,01/02,11:08,746,1.0481,1.0481,1.0481,1.048,0.0,42737.5055556,42737,0,8,24,
609,01/02,11:09,502,1.0481,1.0481,1.0481,1.0481,0.0,42737.50625,42737,0,9,24,
610,01/02,11:10,553,1.0481,1.0481,1.0481,1.0481,0.0,42737.5069444,42737,0,10,24,
611,01/02,11:11,874,1.0481,1.0481,1.0481,1.0481,0.0,42737.5076389,42737,0,11,24,
612,01/02,11:12,793,1.0481,1.0481,1.0481,1.0481,0.0,42737.5083333,42737,0,12,24,
613,01/02,11:13,419,1.0481,1.0481,1.0481,1.0481,0.0,42737.5090278,42737,0,13,24,
614,01/02,11:14,787,1.0481,1.0481,1.0481,1.0481,0.0,42737.5097222,42737,0,14,24,
615,01/02,11:15,408,1.0481,1.0481,1.0481,1.0481,0.0,42737.5104167,42737,0,15,24,
616,01/02,11:16,661,1.0481,1.0481,1.0481,1.0481,0.0,42737.5111111,42737,0,16,24,
617,01/02,11:17,698,1.0481,1.0481,1.0481,1.0481,0.0,42737.5118056,42737,0,17,24,
618,01/02,11:18,523,1.0481,1.0481,1.0481,1.0481,0.0,42737.5125,42737,0,18,24,
619,01/02,11:19,900,1.0481,1.0481,1.0481,1.0479,0.0,42737.5131944,42737,0,19,24,
620,01/02,11:20,1153,1.048,1.0481,1.0481,1.0479,0.0,42737.5138889,42737,0,20,24,
621,01/02,11:21,511,1.048,1.048,1.048,1.0479,0.0,42737.5145833,42737,0,21,24,
622,01/02,11:22,387,1.0479,1.048,1.048,1.0479,0.0,42737.5152778,42737,0,22,24,
623,01/02,11:23,364,1.0479,1.0479,1.0479,1.0479,0.0,42737.5159722,42737,0,23,24,
624,01/02,11:24,398,1.048,1.0479,1.048,1.0479,0.0,42737.5166667,42737,0,24,24,
625,01/02,11:25,297,1.048,1.048,1.048,1.048,0.0,42737.5173611,42737,0,25,24,
626,01/02,11:26,407,1.048,1.048,1.048,1.048,0.0,42737.5180556,42737,0,26,24,
627,01/02,11:27,378,1.048,1.048,1.048,1.048,0.0,42737.51875,42737,0,27,24,
628,01/02,11:28,576,1.0481,1.048,1.0481,1.048,0.0,42737.5194444,42737,0,28,24,
629,01/02,11:29,321,1.0481,1.0481,1.0481,1.048,0.0,42737.5201389,42737,0,29,24,
630,01/02,11:30,441,1.048,1.0481,1.0481,1.048,0.0,42737.5208333,42737,0,0,25,
631,01/02,11:31,421,1.048,1.048,1.048,1.0479,0.0,42737.5215278,42737,0,1,25,
632,01/02,11:32,333,1.0479,1.048,1.048,1.0479,0.0,42737.5222222,42737,0,2,25,
633,01/02,11:33,407,1.048,1.0479,1.048,1.0479,0.0,42737.5229167,42737,0,3,25,
634,01/02,11:34,455,1.0479,1.048,1.048,1.0479,0.0,42737.5236111,42737,0,4,25,
635,01/02,11:35,467,1.0478,1.0479,1.048,1.0478,0.0,42737.5243056,42737,0,5,25,
636,01/02,11:36,437,1.0478,1.0478,1.0478,1.0478,0.0,42737.525,42737,0,6,25,
637,01/02,11:37,465,1.0479,1.0478,1.0479,1.0478,0.0,42737.5256944,42737,0,7,25,
638,01/02,11:38,310,1.0479,1.0479,1.0479,1.0479,0.0,42737.5263889,42737,0,8,25,
639,01/02,11:39,402,1.0479,1.0479,1.048,1.0479,0.0,42737.5270833,42737,0,9,25,
640,01/02,11:40,560,1.0479,1.0479,1.048,1.0479,0.0,42737.5277778,42737,0,10,25,
641,01/02,11:41,320,1.048,1.0479,1.048,1.0479,0.0,42737.5284722,42737,0,11,25,
642,01/02,11:42,388,1.0479,1.048,1.048,1.0479,0.0,42737.5291667,42737,0,12,25,
643,01/02,11:43,322,1.048,1.0479,1.048,1.0479,0.0,42737.5298611,42737,0,13,25,
644,01/02,11:44,317,1.048,1.048,1.048,1.048,0.0,42737.5305556,42737,0,14,25,
645,01/02,11:45,335,1.048,1.048,1.048,1.048,0.0,42737.53125,42737,0,15,25,
646,01/02,11:46,496,1.048,1.048,1.0482,1.048,0.0,42737.5319444,42737,0,16,25,
647,01/02,11:47,856,1.0478,1.048,1.0481,1.0478,0.0,42737.5326389,42737,0,17,25,
648,01/02,11:48,464,1.0478,1.0478,1.0479,1.0478,0.0,42737.5333333,42737,0,18,25,
649,01/02,11:49,330,1.0478,1.0478,1.0478,1.0478,0.0,42737.5340278,42737,0,19,25,
650,01/02,11:50,341,1.0478,1.0478,1.0478,1.0478,0.0,42737.5347222,42737,0,20,25,
651,01/02,11:51,310,1.0478,1.0478,1.0478,1.0478,0.0,42737.5354167,42737,0,21,25,
652,01/02,11:52,380,1.0478,1.0478,1.0478,1.0478,0.0,42737.5361111,42737,0,22,25,
653,01/02,11:53,340,1.0478,1.0478,1.0478,1.0478,0.0,42737.5368056,42737,0,23,25,
654,01/02,11:54,361,1.0478,1.0478,1.0478,1.0478,0.0,42737.5375,42737,0,24,25,
655,01/02,11:55,476,1.0477,1.0478,1.0478,1.0477,0.0,42737.5381944,42737,0,25,25,
656,01/02,11:56,500,1.0478,1.0477,1.0478,1.0477,0.0,42737.5388889,42737,0,26,25,
657,01/02,11:57,739,1.0479,1.0478,1.0479,1.0477,0.0,42737.5395833,42737,0,27,25,
658,01/02,11:58,401,1.0479,1.0479,1.0479,1.0479,0.0,42737.5402778,42737,0,28,25,
659,01/02,11:59,576,1.0479,1.0479,1.0479,1.0479,0.0,42737.5409722,42737,0,29,25,
660,01/02,12:00,392,1.0479,1.0479,1.0479,1.0479,0.0,42737.5416667,42737,0,0,26,
661,01/02,12:01,399,1.0477,1.0479,1.0479,1.0477,0.0,42737.5423611,42737,0,1,26,
662,01/02,12:02,300,1.0477,1.0477,1.0477,1.0477,0.0,42737.5430556,42737,0,2,26,
663,01/02,12:03,678,1.0479,1.0477,1.0479,1.0477,0.0,42737.54375,42737,0,3,26,
664,01/02,12:04,1032,1.0477,1.0479,1.0479,1.0477,0.0,42737.5444444,42737,0,4,26,
665,01/02,12:05,1161,1.0477,1.0477,1.0478,1.0477,0.0,42737.5451389,42737,0,5,26,
666,01/02,12:06,675,1.0477,1.0477,1.0477,1.0477,0.0,42737.5458333,42737,0,6,26,
667,01/02,12:07,754,1.0477,1.0477,1.0477,1.0477,0.0,42737.5465278,42737,0,7,26,
668,01/02,12:08,553,1.0476,1.0477,1.0477,1.0476,0.0,42737.5472222,42737,0,8,26,
669,01/02,12:09,546,1.0476,1.0476,1.0476,1.0475,0.0,42737.5479167,42737,0,9,26,
670,01/02,12:10,442,1.0475,1.0476,1.0476,1.0475,0.0,42737.5486111,42737,0,10,26,
671,01/02,12:11,485,1.0475,1.0475,1.0476,1.0475,0.0,42737.5493056,42737,0,11,26,
672,01/02,12:12,286,1.0476,1.0475,1.0476,1.0475,0.0,42737.55,42737,0,12,26,
673,01/02,12:13,558,1.0473,1.0476,1.0476,1.0473,0.0,42737.5506944,42737,0,13,26,
674,01/02,12:14,735,1.0473,1.0473,1.0474,1.0473,0.0,42737.5513889,42737,0,14,26,
675,01/02,12:15,366,1.0473,1.0473,1.0473,1.0472,0.0,42737.5520833,42737,0,15,26,
676,01/02,12:16,549,1.0473,1.0473,1.0475,1.0473,0.0,42737.5527778,42737,0,16,26,
677,01/02,12:17,336,1.0473,1.0473,1.0474,1.0473,0.0,42737.5534722,42737,0,17,26,
678,01/02,12:18,351,1.0473,1.0473,1.0474,1.0473,0.0,42737.5541667,42737,0,18,26,
679,01/02,12:19,423,1.0473,1.0473,1.0474,1.0473,0.0,42737.5548611,42737,0,19,26,
680,01/02,12:20,547,1.0475,1.0473,1.0475,1.0473,0.0,42737.5555556,42737,0,20,26,
681,01/02,12:21,462,1.0474,1.0475,1.0475,1.0474,0.0,42737.55625,42737,0,21,26,
682,01/02,12:22,503,1.0474,1.0474,1.0475,1.0474,0.0,42737.5569444,42737,0,22,26,
683,01/02,12:23,652,1.0473,1.0474,1.0475,1.0473,0.0,42737.5576389,42737,0,23,26,
684,01/02,12:24,708,1.0473,1.0473,1.0474,1.0473,0.0,42737.5583333,42737,0,24,26,
685,01/02,12:25,644,1.0473,1.0473,1.0474,1.0473,0.0,42737.5590278,42737,0,25,26,
686,01/02,12:26,413,1.0473,1.0473,1.0473,1.0473,0.0,42737.5597222,42737,0,26,26,
687,01/02,12:27,897,1.0472,1.0473,1.0473,1.047,0.0,42737.5604167,42737,0,27,26,
688,01/02,12:28,345,1.0472,1.0472,1.0473,1.0472,0.0,42737.5611111,42737,0,28,26,
689,01/02,12:29,437,1.0473,1.0472,1.0473,1.0472,0.0,42737.5618056,42737,0,29,26,
690,01/02,12:30,445,1.0471,1.0473,1.0473,1.0471,0.0,42737.5625,42737,0,0,27,
691,01/02,12:31,485,1.0474,1.0471,1.0474,1.0471,0.0,42737.5631944,42737,0,1,27,
692,01/02,12:32,342,1.0474,1.0474,1.0474,1.0474,0.0,42737.5638889,42737,0,2,27,
693,01/02,12:33,468,1.0474,1.0474,1.0474,1.0472,0.0,42737.5645833,42737,0,3,27,
694,01/02,12:34,437,1.0473,1.0474,1.0474,1.0473,0.0,42737.5652778,42737,0,4,27,
695,01/02,12:35,311,1.0473,1.0473,1.0473,1.0473,0.0,42737.5659722,42737,0,5,27,
696,01/02,12:36,316,1.0474,1.0473,1.0474,1.0473,0.0,42737.5666667,42737,0,6,27,
697,01/02,12:37,426,1.0473,1.0474,1.0474,1.0473,0.0,42737.5673611,42737,0,7,27,
698,01/02,12:38,625,1.0473,1.0473,1.0473,1.0473,0.0,42737.5680556,42737,0,8,27,
699,01/02,12:39,958,1.0472,1.0473,1.0473,1.0472,0.0,42737.56875,42737,0,9,27,
700,01/02,12:40,557,1.0471,1.0472,1.0473,1.0471,0.0,42737.5694444,42737,0,10,27,
701,01/02,12:41,560,1.0472,1.0471,1.0472,1.0471,0.0,42737.5701389,42737,0,11,27,
702,01/02,12:42,446,1.0471,1.0472,1.0472,1.0471,0.0,42737.5708333,42737,0,12,27,
703,01/02,12:43,526,1.0472,1.0471,1.0472,1.047,0.0,42737.5715278,42737,0,13,27,
704,01/02,12:44,468,1.0473,1.0472,1.0473,1.0472,0.0,42737.5722222,42737,0,14,27,
705,01/02,12:45,420,1.0473,1.0473,1.0473,1.0472,0.0,42737.5729167,42737,0,15,27,
706,01/02,12:46,549,1.0471,1.0473,1.0473,1.0471,0.0,42737.5736111,42737,0,16,27,
707,01/02,12:47,432,1.0471,1.0471,1.0472,1.0471,0.0,42737.5743056,42737,0,17,27,
708,01/02,12:48,645,1.0472,1.0471,1.0472,1.0471,0.0,42737.575,42737,0,18,27,
709,01/02,12:49,982,1.0471,1.0472,1.0472,1.0471,0.0,42737.5756944,42737,0,19,27,
710,01/02,12:50,865,1.0472,1.0471,1.0472,1.0471,0.0,42737.5763889,42737,0,20,27,
711,01/02,12:51,857,1.0469,1.0472,1.0472,1.0469,0.0,42737.5770833,42737,0,21,27,
712,01/02,12:52,629,1.0469,1.0469,1.0471,1.0469,0.0,42737.5777778,42737,0,22,27,
713,01/02,12:53,842,1.047,1.0469,1.047,1.0469,0.0,42737.5784722,42737,0,23,27,
714,01/02,12:54,768,1.0469,1.047,1.047,1.0469,0.0,42737.5791667,42737,0,24,27,
715,01/02,12:55,876,1.0467,1.0469,1.0469,1.0467,0.0,42737.5798611,42737,0,25,27,
716,01/02,12:56,1079,1.0466,1.0467,1.0468,1.0466,0.0,42737.5805556,42737,0,26,27,
717,01/02,12:57,674,1.0466,1.0466,1.0467,1.0466,0.0,42737.58125,42737,0,27,27,
718,01/02,12:58,781,1.0466,1.0466,1.0466,1.0465,0.0,42737.5819444,42737,0,28,27,
719,01/02,12:59,828,1.0466,1.0466,1.0466,1.0465,0.0,42737.5826389,42737,0,29,27,
720,01/02,13:00,1353,1.0463,1.0466,1.0468,1.0463,0.0,42737.5833333,42737,0,0,28,
721,01/02,13:01,1673,1.0465,1.0463,1.0466,1.0463,0.0,42737.5840278,42737,0,1,28,
722,01/02,13:02,1196,1.0462,1.0465,1.0466,1.0462,0.0,42737.5847222,42737,0,2,28,
723,01/02,13:03,1417,1.0465,1.0462,1.0466,1.0462,0.0,42737.5854167,42737,0,3,28,
724,01/02,13:04,990,1.0465,1.0465,1.0465,1.0465,0.0,42737.5861111,42737,0,4,28,
725,01/02,13:05,1009,1.0465,1.0465,1.0466,1.0465,0.0,42737.5868056,42737,0,5,28,
726,01/02,13:06,949,1.0466,1.0465,1.0466,1.0465,0.0,42737.5875,42737,0,6,28,
727,01/02,13:07,998,1.0465,1.0466,1.0466,1.0465,0.0,42737.5881944,42737,0,7,28,
728,01/02,13:08,905,1.0465,1.0465,1.0466,1.0465,0.0,42737.5888889,42737,0,8,28,
729,01/02,13:09,519,1.0465,1.0465,1.0465,1.0464,0.0,42737.5895833,42737,0,9,28,
730,01/02,13:10,276,1.0465,1.0465,1.0465,1.0465,0.0,42737.5902778,42737,0,10,28,
731,01/02,13:11,306,1.0465,1.0465,1.0465,1.0465,0.0,42737.5909722,42737,0,11,28,
732,01/02,13:12,337,1.0465,1.0465,1.0465,1.0465,0.0,42737.5916667,42737,0,12,28,
733,01/02,13:13,403,1.0466,1.0465,1.0466,1.0465,0.0,42737.5923611,42737,0,13,28,
734,01/02,13:14,467,1.0466,1.0466,1.0466,1.0465,0.0,42737.5930556,42737,0,14,28,
735,01/02,13:15,434,1.0465,1.0466,1.0466,1.0465,0.0,42737.59375,42737,0,15,28,
736,01/02,13:16,448,1.0466,1.0465,1.0466,1.0465,0.0,42737.5944444,42737,0,16,28,
737,01/02,13:17,395,1.0466,1.0466,1.0466,1.0466,0.0,42737.5951389,42737,0,17,28,
738,01/02,13:18,495,1.0467,1.0466,1.0467,1.0465,0.0,42737.5958333,42737,0,18,28,
739,01/02,13:19,496,1.0467,1.0467,1.0467,1.0467,0.0,42737.5965278,42737,0,19,28,
740,01/02,13:20,744,1.0469,1.0467,1.0469,1.0467,0.0,42737.5972222,42737,0,20,28,
741,01/02,13:21,597,1.0468,1.0469,1.0469,1.0468,0.0,42737.5979167,42737,0,21,28,
742,01/02,13:22,552,1.0467,1.0468,1.0468,1.0467,0.0,42737.5986111,42737,0,22,28,
743,01/02,13:23,420,1.0467,1.0467,1.0467,1.0467,0.0,42737.5993056,42737,0,23,28,
744,01/02,13:24,680,1.0467,1.0467,1.0467,1.0466,0.0,42737.6,42737,0,24,28,
745,01/02,13:25,1248,1.0468,1.0467,1.0468,1.0467,0.0,42737.6006944,42737,0,25,28,
746,01/02,13:26,842,1.0467,1.0468,1.0468,1.0467,0.0,42737.6013889,42737,0,26,28,
747,01/02,13:27,1128,1.0467,1.0467,1.0467,1.0466,0.0,42737.6020833,42737,0,27,28,
748,01/02,13:28,1189,1.0466,1.0467,1.0467,1.0465,0.0,42737.6027778,42737,0,28,28,
749,01/02,13:29,506,1.0466,1.0466,1.0466,1.0466,0.0,42737.6034722,42737,0,29,28,
750,01/02,13:30,862,1.0466,1.0466,1.0466,1.0465,0.0,42737.6041667,42737,0,0,29,
751,01/02,13:31,640,1.0465,1.0466,1.0466,1.0465,0.0,42737.6048611,42737,0,1,29,
752,01/02,13:32,401,1.0466,1.0465,1.0466,1.0465,0.0,42737.6055556,42737,0,2,29,
753,01/02,13:33,700,1.0466,1.0466,1.0466,1.0465,0.0,42737.60625,42737,0,3,29,
754,01/02,13:34,800,1.0466,1.0466,1.0466,1.0466,0.0,42737.6069444,42737,0,4,29,
755,01/02,13:35,482,1.0466,1.0466,1.0466,1.0466,0.0,42737.6076389,42737,0,5,29,
756,01/02,13:36,683,1.0467,1.0466,1.0467,1.0466,0.0,42737.6083333,42737,0,6,29,
757,01/02,13:37,1119,1.0467,1.0467,1.0467,1.0467,0.0,42737.6090278,42737,0,7,29,
758,01/02,13:38,1004,1.0467,1.0467,1.0467,1.0467,0.0,42737.6097222,42737,0,8,29,
759,01/02,13:39,997,1.0467,1.0467,1.0467,1.0467,0.0,42737.6104167,42737,0,9,29,
760,01/02,13:40,1074,1.0467,1.0467,1.0467,1.0467,0.0,42737.6111111,42737,0,10,29,
761,01/02,13:41,922,1.0467,1.0467,1.0467,1.0467,0.0,42737.6118056,42737,0,11,29,
762,01/02,13:42,881,1.0467,1.0467,1.0467,1.0467,0.0,42737.6125,42737,0,12,29,
763,01/02,13:43,323,1.0466,1.0467,1.0467,1.0466,0.0,42737.6131944,42737,0,13,29,
764,01/02,13:44,1114,1.0467,1.0466,1.0467,1.0466,0.0,42737.6138889,42737,0,14,29,
765,01/02,13:45,1261,1.0467,1.0467,1.0467,1.0466,0.0,42737.6145833,42737,0,15,29,
766,01/02,13:46,837,1.0467,1.0467,1.0467,1.0466,0.0,42737.6152778,42737,0,16,29,
767,01/02,13:47,895,1.0467,1.0467,1.0467,1.0467,0.0,42737.6159722,42737,0,17,29,
768,01/02,13:48,443,1.0467,1.0467,1.0467,1.0466,0.0,42737.6166667,42737,0,18,29,
769,01/02,13:49,357,1.0467,1.0467,1.0467,1.0467,0.0,42737.6173611,42737,0,19,29,
770,01/02,13:50,529,1.0467,1.0467,1.0467,1.0467,0.0,42737.6180556,42737,0,20,29,
771,01/02,13:51,376,1.0467,1.0467,1.0467,1.0467,0.0,42737.61875,42737,0,21,29,
772,01/02,13:52,288,1.0467,1.0467,1.0467,1.0467,0.0,42737.6194444,42737,0,22,29,
773,01/02,13:53,440,1.0468,1.0467,1.0468,1.0467,0.0,42737.6201389,42737,0,23,29,
774,01/02,13:54,414,1.0467,1.0468,1.0468,1.0467,0.0,42737.6208333,42737,0,24,29,
775,01/02,13:55,476,1.0468,1.0467,1.0468,1.0467,0.0,42737.6215278,42737,0,25,29,
776,01/02,13:56,495,1.0467,1.0468,1.0469,1.0467,0.0,42737.6222222,42737,0,26,29,
777,01/02,13:57,368,1.0467,1.0467,1.0467,1.0467,0.0,42737.6229167,42737,0,27,29,
778,01/02,13:58,396,1.0467,1.0467,1.0467,1.0467,0.0,42737.6236111,42737,0,28,29,
779,01/02,13:59,504,1.0466,1.0467,1.0467,1.0466,0.0,42737.6243056,42737,0,29,29,
780,01/02,14:00,557,1.0467,1.0467,1.0468,1.0467,0.0,42737.625,42737,0,0,30,
781,01/02,14:01,302,1.0467,1.0467,1.0467,1.0467,0.0,42737.6256944,42737,0,1,30,
782,01/02,14:02,755,1.0466,1.0467,1.0467,1.0465,0.0,42737.6263889,42737,0,2,30,
783,01/02,14:03,737,1.0465,1.0466,1.0466,1.0464,0.0,42737.6270833,42737,0,3,30,
784,01/02,14:04,674,1.0466,1.0465,1.0466,1.0465,0.0,42737.6277778,42737,0,4,30,
785,01/02,14:05,385,1.0466,1.0466,1.0466,1.0466,0.0,42737.6284722,42737,0,5,30,
786,01/02,14:06,376,1.0466,1.0466,1.0466,1.0466,0.0,42737.6291667,42737,0,6,30,
787,01/02,14:07,657,1.0467,1.0466,1.0468,1.0466,0.0,42737.6298611,42737,0,7,30,
788,01/02,14:08,728,1.0467,1.0467,1.0467,1.0467,0.0,42737.6305556,42737,0,8,30,
789,01/02,14:09,782,1.0467,1.0467,1.0467,1.0466,0.0,42737.63125,42737,0,9,30,
790,01/02,14:10,635,1.0467,1.0467,1.0468,1.0467,0.0,42737.6319444,42737,0,10,30,
791,01/02,14:11,820,1.0468,1.0467,1.0468,1.0467,0.0,42737.6326389,42737,0,11,30,
792,01/02,14:12,900,1.0468,1.0468,1.0468,1.0467,0.0,42737.6333333,42737,0,12,30,
793,01/02,14:13,695,1.0468,1.0468,1.0468,1.0468,0.0,42737.6340278,42737,0,13,30,
794,01/02,14:14,363,1.0468,1.0468,1.0468,1.0467,0.0,42737.6347222,42737,0,14,30,
795,01/02,14:15,558,1.0467,1.0468,1.0468,1.0467,0.0,42737.6354167,42737,0,15,30,
796,01/02,14:16,1096,1.0466,1.0467,1.0467,1.0466,0.0,42737.6361111,42737,0,16,30,
797,01/02,14:17,482,1.0467,1.0466,1.0467,1.0466,0.0,42737.6368056,42737,0,17,30,
798,01/02,14:18,342,1.0468,1.0467,1.0468,1.0467,0.0,42737.6375,42737,0,18,30,
799,01/02,14:19,334,1.0468,1.0468,1.0468,1.0468,0.0,42737.6381944,42737,0,19,30,
800,01/02,14:20,400,1.0469,1.0468,1.0469,1.0468,0.0,42737.6388889,42737,0,20,30,
801,01/02,14:21,361,1.0468,1.0469,1.0469,1.0468,0.0,42737.6395833,42737,0,21,30,
802,01/02,14:22,362,1.0468,1.0468,1.0468,1.0468,0.0,42737.6402778,42737,0,22,30,
803,01/02,14:23,687,1.0469,1.0468,1.0469,1.0468,0.0,42737.6409722,42737,0,23,30,
804,01/02,14:24,958,1.0468,1.0469,1.0469,1.0468,0.0,42737.6416667,42737,0,24,30,
805,01/02,14:25,550,1.0469,1.0468,1.0469,1.0468,0.0,42737.6423611,42737,0,25,30,
806,01/02,14:26,721,1.0469,1.0469,1.047,1.0469,0.0,42737.6430556,42737,0,26,30,
807,01/02,14:27,718,1.0469,1.0469,1.0469,1.0469,0.0,42737.64375,42737,0,27,30,
808,01/02,14:28,883,1.047,1.0469,1.047,1.0469,0.0,42737.6444444,42737,0,28,30,
809,01/02,14:29,457,1.0469,1.047,1.047,1.0469,0.0,42737.6451389,42737,0,29,30,
810,01/02,14:30,533,1.0469,1.0469,1.047,1.0469,0.0,42737.6458333,42737,0,0,31,
811,01/02,14:31,543,1.047,1.0469,1.0471,1.0469,0.0,42737.6465278,42737,0,1,31,
812,01/02,14:32,729,1.0471,1.047,1.0473,1.047,0.0,42737.6472222,42737,0,2,31,
813,01/02,14:33,652,1.0472,1.0471,1.0473,1.047,0.0,42737.6479167,42737,0,3,31,
814,01/02,14:34,801,1.0473,1.0472,1.0473,1.0472,0.0,42737.6486111,42737,0,4,31,
815,01/02,14:35,841,1.0473,1.0473,1.0473,1.0472,0.0,42737.6493056,42737,0,5,31,
816,01/02,14:36,1019,1.0473,1.0473,1.0473,1.0473,0.0,42737.65,42737,0,6,31,
817,01/02,14:37,563,1.0473,1.0473,1.0473,1.0473,0.0,42737.6506944,42737,0,7,31,
818,01/02,14:38,597,1.0473,1.0473,1.0474,1.0473,0.0,42737.6513889,42737,0,8,31,
819,01/02,14:39,443,1.0473,1.0473,1.0473,1.0473,0.0,42737.6520833,42737,0,9,31,
820,01/02,14:40,574,1.0473,1.0473,1.0474,1.0473,0.0,42737.6527778,42737,0,10,31,
821,01/02,14:41,622,1.0474,1.0473,1.0474,1.0473,0.0,42737.6534722,42737,0,11,31,
822,01/02,14:42,750,1.0475,1.0474,1.0475,1.0473,0.0,42737.6541667,42737,0,12,31,
823,01/02,14:43,573,1.0474,1.0475,1.0475,1.0474,0.0,42737.6548611,42737,0,13,31,
824,01/02,14:44,1401,1.0474,1.0474,1.0474,1.0474,0.0,42737.6555556,42737,0,14,31,
825,01/02,14:45,1240,1.0474,1.0474,1.0474,1.0474,0.0,42737.65625,42737,0,15,31,
826,01/02,14:46,832,1.0474,1.0474,1.0475,1.0474,0.0,42737.6569444,42737,0,16,31,
827,01/02,14:47,455,1.0474,1.0474,1.0474,1.0474,0.0,42737.6576389,42737,0,17,31,
828,01/02,14:48,567,1.0474,1.0474,1.0475,1.0474,0.0,42737.6583333,42737,0,18,31,
829,01/02,14:49,991,1.0474,1.0474,1.0475,1.0474,0.0,42737.6590278,42737,0,19,31,
830,01/02,14:50,830,1.0475,1.0474,1.0475,1.0474,0.0,42737.6597222,42737,0,20,31,
831,01/02,14:51,646,1.0475,1.0475,1.0475,1.0474,0.0,42737.6604167,42737,0,21,31,
832,01/02,14:52,1646,1.0475,1.0475,1.0475,1.0474,0.0,42737.6611111,42737,0,22,31,
833,01/02,14:53,488,1.0475,1.0475,1.0475,1.0475,0.0,42737.6618056,42737,0,23,31,
834,01/02,14:54,1013,1.0474,1.0475,1.0475,1.0473,0.0,42737.6625,42737,0,24,31,
835,01/02,14:55,631,1.0473,1.0474,1.0474,1.0473,0.0,42737.6631944,42737,0,25,31,
836,01/02,14:56,522,1.0473,1.0473,1.0474,1.0472,0.0,42737.6638889,42737,0,26,31,
837,01/02,14:57,681,1.0473,1.0473,1.0473,1.0471,0.0,42737.6645833,42737,0,27,31,
838,01/02,14:58,609,1.0475,1.0473,1.0475,1.0473,0.0,42737.6652778,42737,0,28,31,
839,01/02,14:59,740,1.0473,1.0475,1.0476,1.0473,0.0,42737.6659722,42737,0,29,31,
840,01/02,15:00,675,1.0473,1.0473,1.0473,1.0472,0.0,42737.6666667,42737,0,0,32,
841,01/02,15:01,399,1.0473,1.0473,1.0473,1.0472,0.0,42737.6673611,42737,0,1,32,
842,01/02,15:02,321,1.0473,1.0473,1.0473,1.0472,0.0,42737.6680556,42737,0,2,32,
843,01/02,15:03,456,1.0473,1.0473,1.0474,1.0473,0.0,42737.66875,42737,0,3,32,
844,01/02,15:04,502,1.0474,1.0473,1.0474,1.0473,0.0,42737.6694444,42737,0,4,32,
845,01/02,15:05,850,1.0473,1.0474,1.0474,1.0473,0.0,42737.6701389,42737,0,5,32,
846,01/02,15:06,1640,1.0471,1.0473,1.0474,1.0471,0.0,42737.6708333,42737,0,6,32,
847,01/02,15:07,1351,1.0471,1.0471,1.0472,1.0471,0.0,42737.6715278,42737,0,7,32,
848,01/02,15:08,1346,1.047,1.0471,1.0472,1.047,0.0,42737.6722222,42737,0,8,32,
849,01/02,15:09,1636,1.0471,1.047,1.0471,1.047,0.0,42737.6729167,42737,0,9,32,
850,01/02,15:10,1368,1.0471,1.0471,1.0471,1.0471,0.0,42737.6736111,42737,0,10,32,
851,01/02,15:11,1017,1.047,1.0471,1.0471,1.047,0.0,42737.6743056,42737,0,11,32,
852,01/02,15:12,1248,1.0468,1.047,1.047,1.0466,0.0,42737.675,42737,0,12,32,
853,01/02,15:13,723,1.0468,1.0468,1.0468,1.0467,0.0,42737.6756944,42737,0,13,32,
854,01/02,15:14,753,1.0468,1.0468,1.0468,1.0467,0.0,42737.6763889,42737,0,14,32,
855,01/02,15:15,947,1.0467,1.0468,1.0468,1.0467,0.0,42737.6770833,42737,0,15,32,
856,01/02,15:16,897,1.0468,1.0467,1.0468,1.0465,0.0,42737.6777778,42737,0,16,32,
857,01/02,15:17,892,1.0468,1.0468,1.0468,1.0465,0.0,42737.6784722,42737,0,17,32,
858,01/02,15:18,471,1.0468,1.0468,1.0468,1.0468,0.0,42737.6791667,42737,0,18,32,
859,01/02,15:19,839,1.0469,1.0468,1.0469,1.0468,0.0,42737.6798611,42737,0,19,32,
860,01/02,15:20,635,1.0468,1.0469,1.0469,1.0468,0.0,42737.6805556,42737,0,20,32,
861,01/02,15:21,777,1.0469,1.0468,1.0469,1.0468,0.0,42737.68125,42737,0,21,32,
862,01/02,15:22,866,1.0468,1.0469,1.047,1.0468,0.0,42737.6819444,42737,0,22,32,
863,01/02,15:23,1071,1.0469,1.0468,1.0469,1.0468,0.0,42737.6826389,42737,0,23,32,
864,01/02,15:24,538,1.0469,1.0469,1.0469,1.0468,0.0,42737.6833333,42737,0,24,32,
865,01/02,15:25,1044,1.0468,1.0469,1.0469,1.0468,0.0,42737.6840278,42737,0,25,32,
866,01/02,15:26,966,1.0468,1.0468,1.0468,1.0467,0.0,42737.6847222,42737,0,26,32,
867,01/02,15:27,844,1.0467,1.0468,1.0468,1.0466,0.0,42737.6854167,42737,0,27,32,
868,01/02,15:28,800,1.0467,1.0467,1.0468,1.0467,0.0,42737.6861111,42737,0,28,32,
869,01/02,15:29,1520,1.0468,1.0467,1.0469,1.0467,0.0,42737.6868056,42737,0,29,32,
870,01/02,15:30,1028,1.0468,1.0468,1.0468,1.0467,0.0,42737.6875,42737,0,0,33,
871,01/02,15:31,859,1.0468,1.0468,1.0468,1.0468,0.0,42737.6881944,42737,0,1,33,
872,01/02,15:32,912,1.0467,1.0468,1.0468,1.0467,0.0,42737.6888889,42737,0,2,33,
873,01/02,15:33,735,1.0467,1.0467,1.0467,1.0467,0.0,42737.6895833,42737,0,3,33,
874,01/02,15:34,860,1.0467,1.0467,1.0467,1.0467,0.0,42737.6902778,42737,0,4,33,
875,01/02,15:35,1267,1.0465,1.0467,1.0467,1.0465,0.0,42737.6909722,42737,0,5,33,
876,01/02,15:36,916,1.0465,1.0465,1.0466,1.0465,0.0,42737.6916667,42737,0,6,33,
877,01/02,15:37,935,1.0466,1.0465,1.0466,1.0464,0.0,42737.6923611,42737,0,7,33,
878,01/02,15:38,732,1.0465,1.0466,1.0466,1.0465,0.0,42737.6930556,42737,0,8,33,
879,01/02,15:39,872,1.0465,1.0465,1.0466,1.0465,0.0,42737.69375,42737,0,9,33,
880,01/02,15:40,926,1.0465,1.0465,1.0466,1.0465,0.0,42737.6944444,42737,0,10,33,
881,01/02,15:41,878,1.0466,1.0466,1.0466,1.0465,0.0,42737.6951389,42737,0,11,33,
882,01/02,15:42,916,1.0466,1.0466,1.0466,1.0465,0.0,42737.6958333,42737,0,12,33,
883,01/02,15:43,772,1.0467,1.0466,1.0467,1.0466,0.0,42737.6965278,42737,0,13,33,
884,01/02,15:44,931,1.0469,1.0467,1.0469,1.0467,0.0,42737.6972222,42737,0,14,33,
885,01/02,15:45,563,1.0468,1.0469,1.0469,1.0468,0.0,42737.6979167,42737,0,15,33,
886,01/02,15:46,336,1.0468,1.0468,1.0468,1.0468,0.0,42737.6986111,42737,0,16,33,
887,01/02,15:47,506,1.0471,1.0468,1.0471,1.0468,0.0,42737.6993056,42737,0,17,33,
888,01/02,15:48,459,1.047,1.0471,1.0471,1.047,0.0,42737.7,42737,0,18,33,
889,01/02,15:49,410,1.047,1.047,1.047,1.0469,0.0,42737.7006944,42737,0,19,33,
890,01/02,15:50,688,1.0473,1.047,1.0473,1.047,0.0,42737.7013889,42737,0,20,33,
891,01/02,15:51,408,1.0473,1.0473,1.0473,1.0473,0.0,42737.7020833,42737,0,21,33,
892,01/02,15:52,420,1.0473,1.0473,1.0473,1.0473,0.0,42737.7027778,42737,0,22,33,
893,01/02,15:53,374,1.0473,1.0473,1.0473,1.0473,0.0,42737.7034722,42737,0,23,33,
894,01/02,15:54,542,1.0474,1.0473,1.0474,1.0472,0.0,42737.7041667,42737,0,24,33,
895,01/02,15:55,673,1.0472,1.0474,1.0474,1.0471,0.0,42737.7048611,42737,0,25,33,
896,01/02,15:56,718,1.0471,1.0472,1.0473,1.0471,0.0,42737.7055556,42737,0,26,33,
897,01/02,15:57,696,1.0471,1.0471,1.0472,1.0471,0.0,42737.70625,42737,0,27,33,
898,01/02,15:58,449,1.0471,1.0471,1.0471,1.0471,0.0,42737.7069444,42737,0,28,33,
899,01/02,15:59,518,1.0471,1.0471,1.0472,1.0471,0.0,42737.7076389,42737,0,29,33,
900,01/02,16:00,567,1.047,1.0471,1.0471,1.0469,0.0,42737.7083333,42737,0,0,34,
901,01/02,16:01,481,1.047,1.047,1.047,1.047,0.0,42737.7090278,42737,0,1,34,
902,01/02,16:02,520,1.047,1.047,1.0471,1.047,0.0,42737.7097222,42737,0,2,34,
903,01/02,16:03,428,1.047,1.047,1.047,1.047,0.0,42737.7104167,42737,0,3,34,
904,01/02,16:04,945,1.0478,1.047,1.0478,1.047,0.0,42737.7111111,42737,0,4,34,
905,01/02,16:05,472,1.0477,1.0478,1.0478,1.0477,0.0,42737.7118056,42737,0,5,34,
906,01/02,16:06,379,1.0476,1.0477,1.0477,1.0476,0.0,42737.7125,42737,0,6,34,
907,01/02,16:07,521,1.0478,1.0476,1.0478,1.0476,0.0,42737.7131944,42737,0,7,34,
908,01/02,16:08,432,1.0477,1.0478,1.0478,1.0477,0.0,42737.7138889,42737,0,8,34,
909,01/02,16:09,375,1.0477,1.0477,1.0477,1.0477,0.0,42737.7145833,42737,0,9,34,
910,01/02,16:10,435,1.0477,1.0477,1.0477,1.0477,0.0,42737.7152778,42737,0,10,34,
911,01/02,16:11,541,1.0477,1.0477,1.0477,1.0476,0.0,42737.7159722,42737,0,11,34,
912,01/02,16:12,487,1.0474,1.0477,1.0477,1.0474,0.0,42737.7166667,42737,0,12,34,
913,01/02,16:13,552,1.0472,1.0474,1.0474,1.0471,0.0,42737.7173611,42737,0,13,34,
914,01/02,16:14,559,1.0472,1.0472,1.0473,1.047,0.0,42737.7180556,42737,0,14,34,
915,01/02,16:15,689,1.0472,1.0472,1.0473,1.0472,0.0,42737.71875,42737,0,15,34,
916,01/02,16:16,367,1.0472,1.0472,1.0472,1.0471,0.0,42737.7194444,42737,0,16,34,
917,01/02,16:17,531,1.0472,1.0472,1.0473,1.0471,0.0,42737.7201389,42737,0,17,34,
918,01/02,16:18,456,1.0472,1.0472,1.0473,1.0471,0.0,42737.7208333,42737,0,18,34,
919,01/02,16:19,367,1.0472,1.0472,1.0473,1.0472,0.0,42737.7215278,42737,0,19,34,
920,01/02,16:20,272,1.0473,1.0472,1.0473,1.0472,0.0,42737.7222222,42737,0,20,34,
921,01/02,16:21,281,1.0472,1.0473,1.0473,1.0472,0.0,42737.7229167,42737,0,21,34,
922,01/02,16:22,538,1.0472,1.0472,1.0473,1.047,0.0,42737.7236111,42737,0,22,34,
923,01/02,16:23,270,1.0472,1.0472,1.0472,1.0472,0.0,42737.7243056,42737,0,23,34,
924,01/02,16:24,245,1.0472,1.0472,1.0472,1.0472,0.0,42737.725,42737,0,24,34,
925,01/02,16:25,224,1.0472,1.0472,1.0472,1.0472,0.0,42737.7256944,42737,0,25,34,
926,01/02,16:26,327,1.0472,1.0472,1.0472,1.0472,0.0,42737.7263889,42737,0,26,34,
927,01/02,16:27,194,1.0472,1.0472,1.0472,1.0472,0.0,42737.7270833,42737,0,27,34,
928,01/02,16:28,327,1.0472,1.0472,1.0472,1.0471,0.0,42737.7277778,42737,0,28,34,
929,01/02,16:29,291,1.0472,1.0472,1.0472,1.0471,0.0,42737.7284722,42737,0,29,34,
930,01/02,16:30,221,1.0472,1.0472,1.0472,1.0472,0.0,42737.7291667,42737,0,0,35,
931,01/02,16:31,312,1.0472,1.0472,1.0472,1.0471,0.0,42737.7298611,42737,0,1,35,
932,01/02,16:32,303,1.0472,1.0472,1.0472,1.0472,0.0,42737.7305556,42737,0,2,35,
933,01/02,16:33,401,1.0471,1.0472,1.0472,1.0471,0.0,42737.73125,42737,0,3,35,
934,01/02,16:34,321,1.0471,1.0471,1.0471,1.0471,0.0,42737.7319444,42737,0,4,35,
935,01/02,16:35,402,1.0471,1.0471,1.0471,1.0471,0.0,42737.7326389,42737,0,5,35,
936,01/02,16:36,416,1.0471,1.0471,1.0471,1.0471,0.0,42737.7333333,42737,0,6,35,
937,01/02,16:37,479,1.047,1.0471,1.0471,1.047,0.0,42737.7340278,42737,0,7,35,
938,01/02,16:38,307,1.047,1.047,1.047,1.047,0.0,42737.7347222,42737,0,8,35,
939,01/02,16:39,207,1.047,1.047,1.047,1.047,0.0,42737.7354167,42737,0,9,35,
940,01/02,16:40,1231,1.047,1.047,1.047,1.047,0.0,42737.7361111,42737,0,10,35,
941,01/02,16:41,539,1.0471,1.047,1.0471,1.047,0.0,42737.7368056,42737,0,11,35,
942,01/02,16:42,236,1.0471,1.0471,1.0471,1.0471,0.0,42737.7375,42737,0,12,35,
943,01/02,16:43,226,1.0471,1.0471,1.0471,1.0471,0.0,42737.7381944,42737,0,13,35,
944,01/02,16:44,531,1.0472,1.0471,1.0472,1.0471,0.0,42737.7388889,42737,0,14,35,
945,01/02,16:45,1004,1.0471,1.0472,1.0472,1.0471,0.0,42737.7395833,42737,0,15,35,
946,01/02,16:46,479,1.0471,1.0471,1.0472,1.047,0.0,42737.7402778,42737,0,16,35,
947,01/02,16:47,461,1.047,1.0471,1.0471,1.047,0.0,42737.7409722,42737,0,17,35,
948,01/02,16:48,372,1.047,1.047,1.0471,1.047,0.0,42737.7416667,42737,0,18,35,
949,01/02,16:49,307,1.047,1.047,1.047,1.047,0.0,42737.7423611,42737,0,19,35,
950,01/02,16:50,273,1.047,1.047,1.047,1.047,0.0,42737.7430556,42737,0,20,35,
951,01/02,16:51,170,1.047,1.047,1.047,1.047,0.0,42737.74375,42737,0,21,35,
952,01/02,16:52,207,1.047,1.047,1.047,1.047,0.0,42737.7444444,42737,0,22,35,
953,01/02,16:53,230,1.047,1.047,1.047,1.047,0.0,42737.7451389,42737,0,23,35,
954,01/02,16:54,466,1.047,1.047,1.0471,1.047,0.0,42737.7458333,42737,0,24,35,
955,01/02,16:55,317,1.047,1.047,1.047,1.047,0.0,42737.7465278,42737,0,25,35,
956,01/02,16:56,294,1.0469,1.047,1.047,1.0469,0.0,42737.7472222,42737,0,26,35,
957,01/02,16:57,336,1.047,1.0469,1.047,1.0469,0.0,42737.7479167,42737,0,27,35,
958,01/02,16:58,339,1.0469,1.047,1.047,1.0469,0.0,42737.7486111,42737,0,28,35,
959,01/02,16:59,358,1.047,1.0469,1.047,1.0469,0.0,42737.7493056,42737,0,29,35,
960,01/02,17:00,380,1.047,1.047,1.047,1.0469,0.0,42737.75,42737,0,0,36,
961,01/02,17:01,288,1.0468,1.047,1.047,1.0468,0.0,42737.7506944,42737,0,1,36,
962,01/02,17:02,383,1.0468,1.0468,1.0468,1.0468,0.0,42737.7513889,42737,0,2,36,
963,01/02,17:03,265,1.0468,1.0468,1.0468,1.0468,0.0,42737.7520833,42737,0,3,36,
964,01/02,17:04,335,1.0469,1.0468,1.0469,1.0468,0.0,42737.7527778,42737,0,4,36,
965,01/02,17:05,358,1.0469,1.0469,1.0469,1.0468,0.0,42737.7534722,42737,0,5,36,
966,01/02,17:06,275,1.047,1.0469,1.047,1.0468,0.0,42737.7541667,42737,0,6,36,
967,01/02,17:07,196,1.0469,1.047,1.047,1.0469,0.0,42737.7548611,42737,0,7,36,
968,01/02,17:08,289,1.0469,1.0469,1.047,1.0469,0.0,42737.7555556,42737,0,8,36,
969,01/02,17:09,251,1.0469,1.0469,1.047,1.0469,0.0,42737.75625,42737,0,9,36,
970,01/02,17:10,303,1.0469,1.0469,1.0469,1.0469,0.0,42737.7569444,42737,0,10,36,
971,01/02,17:11,441,1.0468,1.0469,1.0469,1.0467,0.0,42737.7576389,42737,0,11,36,
972,01/02,17:12,349,1.0468,1.0468,1.0468,1.0468,0.0,42737.7583333,42737,0,12,36,
973,01/02,17:13,300,1.0469,1.0468,1.0469,1.0468,0.0,42737.7590278,42737,0,13,36,
974,01/02,17:14,250,1.0468,1.0469,1.0469,1.0468,0.0,42737.7597222,42737,0,14,36,
975,01/02,17:15,232,1.0469,1.0468,1.0469,1.0468,0.0,42737.7604167,42737,0,15,36,
976,01/02,17:16,323,1.0469,1.0469,1.0469,1.0468,0.0,42737.7611111,42737,0,16,36,
977,01/02,17:17,231,1.0469,1.0469,1.0469,1.0469,0.0,42737.7618056,42737,0,17,36,
978,01/02,17:18,171,1.0469,1.0469,1.0469,1.0469,0.0,42737.7625,42737,0,18,36,
979,01/02,17:19,262,1.0469,1.0469,1.0469,1.0469,0.0,42737.7631944,42737,0,19,36,
980,01/02,17:20,199,1.0469,1.0469,1.0469,1.0469,0.0,42737.7638889,42737,0,20,36,
981,01/02,17:21,214,1.0469,1.0469,1.0469,1.0469,0.0,42737.7645833,42737,0,21,36,
982,01/02,17:22,255,1.0469,1.0469,1.0469,1.0469,0.0,42737.7652778,42737,0,22,36,
983,01/02,17:23,257,1.0469,1.0469,1.0469,1.0468,0.0,42737.7659722,42737,0,23,36,
984,01/02,17:24,260,1.0469,1.0469,1.0469,1.0469,0.0,42737.7666667,42737,0,24,36,
985,01/02,17:25,351,1.0469,1.0469,1.0469,1.0469,0.0,42737.7673611,42737,0,25,36,
986,01/02,17:26,385,1.0467,1.0469,1.0469,1.0466,0.0,42737.7680556,42737,0,26,36,
987,01/02,17:27,302,1.0465,1.0467,1.0467,1.0465,0.0,42737.76875,42737,0,27,36,
988,01/02,17:28,383,1.0467,1.0465,1.0467,1.0465,0.0,42737.7694444,42737,0,28,36,
989,01/02,17:29,238,1.0466,1.0467,1.0467,1.0466,0.0,42737.7701389,42737,0,29,36,
990,01/02,17:30,541,1.0467,1.0466,1.0469,1.0466,0.0,42737.7708333,42737,0,0,37,
991,01/02,17:31,279,1.0467,1.0467,1.0468,1.0467,0.0,42737.7715278,42737,0,1,37,
992,01/02,17:32,259,1.0467,1.0467,1.0468,1.0467,0.0,42737.7722222,42737,0,2,37,
993,01/02,17:33,255,1.0467,1.0467,1.0467,1.0467,0.0,42737.7729167,42737,0,3,37,
994,01/02,17:34,324,1.0467,1.0467,1.0467,1.0467,0.0,42737.7736111,42737,0,4,37,
995,01/02,17:35,385,1.0467,1.0467,1.0467,1.0467,0.0,42737.7743056,42737,0,5,37,
996,01/02,17:36,370,1.0467,1.0467,1.0467,1.0467,0.0,42737.775,42737,0,6,37,
997,01/02,17:37,363,1.0467,1.0467,1.0467,1.0467,0.0,42737.7756944,42737,0,7,37,
998,01/02,17:38,342,1.0467,1.0467,1.0467,1.0467,0.0,42737.7763889,42737,0,8,37,
999,01/02,17:39,397,1.0467,1.0467,1.0467,1.0467,0.0,42737.7770833,42737,0,9,37,
1000,01/02,17:40,338,1.0467,1.0467,1.0467,1.0466,0.0,42737.7777778,42737,0,10,37,
1001,01/02,17:41,313,1.0467,1.0467,1.0467,1.0466,0.0,42737.7784722,42737,0,11,37,
1002,01/02,17:42,328,1.0466,1.0467,1.0467,1.0466,0.0,42737.7791667,42737,0,12,37,
1003,01/02,17:43,342,1.0467,1.0466,1.0467,1.0466,0.0,42737.7798611,42737,0,13,37,
1004,01/02,17:44,396,1.0467,1.0467,1.0467,1.0466,0.0,42737.7805556,42737,0,14,37,
1005,01/02,17:45,462,1.0465,1.0467,1.0467,1.0465,0.0,42737.78125,42737,0,15,37,
1006,01/02,17:46,509,1.0464,1.0465,1.0465,1.0464,0.0,42737.7819444,42737,0,16,37,
1007,01/02,17:47,1085,1.0463,1.0464,1.0465,1.0462,0.0,42737.7826389,42737,0,17,37,
1008,01/02,17:48,770,1.0462,1.0463,1.0463,1.0462,0.0,42737.7833333,42737,0,18,37,
1009,01/02,17:49,695,1.0463,1.0462,1.0463,1.0462,0.0,42737.7840278,42737,0,19,37,
1010,01/02,17:50,462,1.0463,1.0463,1.0463,1.0463,0.0,42737.7847222,42737,0,20,37,
1011,01/02,17:51,524,1.0465,1.0463,1.0465,1.0463,0.0,42737.7854167,42737,0,21,37,
1012,01/02,17:52,414,1.0465,1.0465,1.0465,1.0465,0.0,42737.7861111,42737,0,22,37,
1013,01/02,17:53,347,1.0465,1.0465,1.0465,1.0465,0.0,42737.7868056,42737,0,23,37,
1014,01/02,17:54,441,1.0465,1.0465,1.0465,1.0465,0.0,42737.7875,42737,0,24,37,
1015,01/02,17:55,341,1.0465,1.0465,1.0465,1.0465,0.0,42737.7881944,42737,0,25,37,
1016,01/02,17:56,707,1.0467,1.0465,1.0468,1.0465,0.0,42737.7888889,42737,0,26,37,
1017,01/02,17:57,430,1.0466,1.0467,1.0468,1.0466,0.0,42737.7895833,42737,0,27,37,
1018,01/02,17:58,320,1.0466,1.0466,1.0467,1.0466,0.0,42737.7902778,42737,0,28,37,
1019,01/02,17:59,292,1.0466,1.0466,1.0467,1.0466,0.0,42737.7909722,42737,0,29,37,
1020,01/02,18:00,339,1.0466,1.0466,1.0466,1.0466,0.0,42737.7916667,42737,0,0,38,
1021,01/02,18:01,214,1.0466,1.0466,1.0466,1.0466,0.0,42737.7923611,42737,0,1,38,
1022,01/02,18:02,653,1.0466,1.0466,1.0467,1.0466,0.0,42737.7930556,42737,0,2,38,
1023,01/02,18:03,844,1.0467,1.0466,1.0467,1.0466,0.0,42737.79375,42737,0,3,38,
1024,01/02,18:04,997,1.0466,1.0467,1.0467,1.0466,0.0,42737.7944444,42737,0,4,38,
1025,01/02,18:05,540,1.0466,1.0466,1.0467,1.0466,0.0,42737.7951389,42737,0,5,38,
1026,01/02,18:06,362,1.0466,1.0466,1.0467,1.0466,0.0,42737.7958333,42737,0,6,38,
1027,01/02,18:07,324,1.0466,1.0466,1.0466,1.0466,0.0,42737.7965278,42737,0,7,38,
1028,01/02,18:08,412,1.0466,1.0466,1.0467,1.0465,0.0,42737.7972222,42737,0,8,38,
1029,01/02,18:09,283,1.0466,1.0466,1.0466,1.0466,0.0,42737.7979167,42737,0,9,38,
1030,01/02,18:10,197,1.0466,1.0466,1.0466,1.0466,0.0,42737.7986111,42737,0,10,38,
1031,01/02,18:11,361,1.0466,1.0466,1.0466,1.0466,0.0,42737.7993056,42737,0,11,38,
1032,01/02,18:12,276,1.0466,1.0466,1.0466,1.0466,0.0,42737.8,42737,0,12,38,
1033,01/02,18:13,311,1.0466,1.0466,1.0466,1.0466,0.0,42737.8006944,42737,0,13,38,
1034,01/02,18:14,405,1.0464,1.0466,1.0466,1.0464,0.0,42737.8013889,42737,0,14,38,
1035,01/02,18:15,329,1.0464,1.0464,1.0464,1.0464,0.0,42737.8020833,42737,0,15,38,
1036,01/02,18:16,300,1.0464,1.0464,1.0464,1.0464,0.0,42737.8027778,42737,0,16,38,
1037,01/02,18:17,463,1.0463,1.0464,1.0464,1.0463,0.0,42737.8034722,42737,0,17,38,
1038,01/02,18:18,419,1.0464,1.0463,1.0464,1.0463,0.0,42737.8041667,42737,0,18,38,
1039,01/02,18:19,274,1.0464,1.0464,1.0464,1.0463,0.0,42737.8048611,42737,0,19,38,
1040,01/02,18:20,283,1.0464,1.0464,1.0464,1.0463,0.0,42737.8055556,42737,0,20,38,
1041,01/02,18:21,532,1.0464,1.0463,1.0464,1.0463,0.0,42737.80625,42737,0,21,38,
1042,01/02,18:22,396,1.0464,1.0464,1.0464,1.0464,0.0,42737.8069444,42737,0,22,38,
1043,01/02,18:23,255,1.0464,1.0464,1.0464,1.0464,0.0,42737.8076389,42737,0,23,38,
1044,01/02,18:24,246,1.0464,1.0464,1.0464,1.0464,0.0,42737.8083333,42737,0,24,38,
1045,01/02,18:25,234,1.0464,1.0464,1.0464,1.0464,0.0,42737.8090278,42737,0,25,38,
1046,01/02,18:26,339,1.0463,1.0464,1.0464,1.0463,0.0,42737.8097222,42737,0,26,38,
1047,01/02,18:27,452,1.0463,1.0463,1.0463,1.0463,0.0,42737.8104167,42737,0,27,38,
1048,01/02,18:28,395,1.0463,1.0463,1.0463,1.0463,0.0,42737.8111111,42737,0,28,38,
1049,01/02,18:29,937,1.0463,1.0463,1.0463,1.0462,0.0,42737.8118056,42737,0,29,38,
1050,01/02,18:30,691,1.0462,1.0463,1.0463,1.0462,0.0,42737.8125,42737,0,0,39,
1051,01/02,18:31,454,1.0462,1.0462,1.0462,1.0462,0.0,42737.8131944,42737,0,1,39,
1052,01/02,18:32,374,1.0462,1.0462,1.0462,1.0462,0.0,42737.8138889,42737,0,2,39,
1053,01/02,18:33,509,1.0462,1.0462,1.0462,1.0461,0.0,42737.8145833,42737,0,3,39,
1054,01/02,18:34,741,1.0462,1.0462,1.0462,1.0461,0.0,42737.8152778,42737,0,4,39,
1055,01/02,18:35,676,1.0462,1.0462,1.0462,1.0461,0.0,42737.8159722,42737,0,5,39,
1056,01/02,18:36,550,1.0462,1.0462,1.0462,1.0461,0.0,42737.8166667,42737,0,6,39,
1057,01/02,18:37,617,1.0461,1.0462,1.0462,1.0461,0.0,42737.8173611,42737,0,7,39,
1058,01/02,18:38,896,1.0462,1.0461,1.0462,1.0461,0.0,42737.8180556,42737,0,8,39,
1059,01/02,18:39,992,1.0462,1.0462,1.0462,1.0461,0.0,42737.81875,42737,0,9,39,
1060,01/02,18:40,889,1.0461,1.0462,1.0462,1.0461,0.0,42737.8194444,42737,0,10,39,
1061,01/02,18:41,990,1.0462,1.0461,1.0462,1.0461,0.0,42737.8201389,42737,0,11,39,
1062,01/02,18:42,964,1.0462,1.0462,1.0462,1.0461,0.0,42737.8208333,42737,0,12,39,
1063,01/02,18:43,1007,1.0462,1.0462,1.0462,1.0461,0.0,42737.8215278,42737,0,13,39,
1064,01/02,18:44,941,1.0462,1.0462,1.0462,1.0461,0.0,42737.8222222,42737,0,14,39,
1065,01/02,18:45,1022,1.0462,1.0462,1.0462,1.0461,0.0,42737.8229167,42737,0,15,39,
1066,01/02,18:46,778,1.0462,1.0462,1.0462,1.0462,0.0,42737.8236111,42737,0,16,39,
1067,01/02,18:47,698,1.0462,1.0462,1.0462,1.0462,0.0,42737.8243056,42737,0,17,39,
1068,01/02,18:48,929,1.0461,1.0462,1.0462,1.0461,0.0,42737.825,42737,0,18,39,
1069,01/02,18:49,1243,1.0463,1.0461,1.0463,1.0461,0.0,42737.8256944,42737,0,19,39,
1070,01/02,18:50,469,1.0462,1.0462,1.0463,1.0462,0.0,42737.8263889,42737,0,20,39,
1071,01/02,18:51,1429,1.0462,1.0462,1.0463,1.0462,0.0,42737.8270833,42737,0,21,39,
1072,01/02,18:52,378,1.0462,1.0462,1.0462,1.0462,0.0,42737.8277778,42737,0,22,39,
1073,01/02,18:53,245,1.0462,1.0462,1.0462,1.0462,0.0,42737.8284722,42737,0,23,39,
1074,01/02,18:54,741,1.0462,1.0462,1.0462,1.0462,0.0,42737.8291667,42737,0,24,39,
1075,01/02,18:55,990,1.0462,1.0462,1.0462,1.0462,0.0,42737.8298611,42737,0,25,39,
1076,01/02,18:56,1693,1.0462,1.0462,1.0462,1.0462,0.0,42737.8305556,42737,0,26,39,
1077,01/02,18:57,1907,1.0462,1.0462,1.0462,1.0462,0.0,42737.83125,42737,0,27,39,
1078,01/02,18:58,1025,1.0461,1.0462,1.0462,1.0461,0.0,42737.8319444,42737,0,28,39,
1079,01/02,18:59,815,1.0461,1.0461,1.0461,1.0461,0.0,42737.8326389,42737,0,29,39,
1080,01/02,19:00,904,1.0461,1.0461,1.0461,1.0461,0.0,42737.8333333,42737,0,0,40,
1081,01/02,19:01,813,1.0461,1.0461,1.0461,1.0461,0.0,42737.8340278,42737,0,1,40,
1082,01/02,19:02,1059,1.0464,1.0461,1.0464,1.0461,0.0,42737.8347222,42737,0,2,40,
1083,01/02,19:03,859,1.0464,1.0464,1.0464,1.0464,0.0,42737.8354167,42737,0,3,40,
1084,01/02,19:04,1247,1.0464,1.0464,1.0464,1.0464,0.0,42737.8361111,42737,0,4,40,
1085,01/02,19:05,1499,1.0463,1.0464,1.0464,1.0463,0.0,42737.8368056,42737,0,5,40,
1086,01/02,19:06,779,1.0463,1.0463,1.0463,1.0463,0.0,42737.8375,42737,0,6,40,
1087,01/02,19:07,1026,1.0463,1.0463,1.0463,1.0463,0.0,42737.8381944,42737,0,7,40,
1088,01/02,19:08,645,1.0463,1.0463,1.0463,1.0462,0.0,42737.8388889,42737,0,8,40,
1089,01/02,19:09,178,1.0462,1.0463,1.0463,1.0462,0.0,42737.8395833,42737,0,9,40,
1090,01/02,19:10,187,1.0463,1.0462,1.0463,1.0462,0.0,42737.8402778,42737,0,10,40,
1091,01/02,19:11,187,1.0463,1.0463,1.0463,1.0462,0.0,42737.8409722,42737,0,11,40,
1092,01/02,19:12,174,1.0462,1.0463,1.0463,1.0462,0.0,42737.8416667,42737,0,12,40,
1093,01/02,19:13,309,1.0463,1.0462,1.0463,1.0462,0.0,42737.8423611,42737,0,13,40,
1094,01/02,19:14,350,1.0463,1.0463,1.0463,1.0462,0.0,42737.8430556,42737,0,14,40,
1095,01/02,19:15,345,1.0463,1.0463,1.0463,1.0463,0.0,42737.84375,42737,0,15,40,
1096,01/02,19:16,355,1.0463,1.0463,1.0463,1.0462,0.0,42737.8444444,42737,0,16,40,
1097,01/02,19:17,348,1.0463,1.0463,1.0463,1.0462,0.0,42737.8451389,42737,0,17,40,
1098,01/02,19:18,337,1.0463,1.0463,1.0463,1.0462,0.0,42737.8458333,42737,0,18,40,
1099,01/02,19:19,210,1.0463,1.0463,1.0463,1.0463,0.0,42737.8465278,42737,0,19,40,
1100,01/02,19:20,287,1.0462,1.0463,1.0463,1.0462,0.0,42737.8472222,42737,0,20,40,
1101,01/02,19:21,219,1.0462,1.0462,1.0462,1.0462,0.0,42737.8479167,42737,0,21,40,
1102,01/02,19:22,348,1.0462,1.0462,1.0462,1.0462,0.0,42737.8486111,42737,0,22,40,
1103,01/02,19:23,325,1.0462,1.0462,1.0462,1.0462,0.0,42737.8493056,42737,0,23,40,
1104,01/02,19:24,187,1.0462,1.0462,1.0462,1.0462,0.0,42737.85,42737,0,24,40,
1105,01/02,19:25,191,1.0462,1.0462,1.0462,1.0462,0.0,42737.8506944,42737,0,25,40,
1106,01/02,19:26,254,1.0462,1.0462,1.0463,1.0462,0.0,42737.8513889,42737,0,26,40,
1107,01/02,19:27,343,1.0462,1.0462,1.0463,1.0462,0.0,42737.8520833,42737,0,27,40,
1108,01/02,19:28,219,1.0462,1.0462,1.0463,1.0462,0.0,42737.8527778,42737,0,28,40,
1109,01/02,19:29,196,1.0462,1.0462,1.0462,1.0462,0.0,42737.8534722,42737,0,29,40,
1110,01/02,19:30,220,1.0462,1.0462,1.0462,1.0462,0.0,42737.8541667,42737,0,0,41,
1111,01/02,19:31,205,1.0462,1.0462,1.0463,1.0462,0.0,42737.8548611,42737,0,1,41,
1112,01/02,19:32,191,1.0462,1.0462,1.0462,1.0462,0.0,42737.8555556,42737,0,2,41,
1113,01/02,19:33,198,1.0462,1.0462,1.0462,1.0462,0.0,42737.85625,42737,0,3,41,
1114,01/02,19:34,299,1.0462,1.0462,1.0462,1.0462,0.0,42737.8569444,42737,0,4,41,
1115,01/02,19:35,277,1.0462,1.0462,1.0462,1.0462,0.0,42737.8576389,42737,0,5,41,
1116,01/02,19:36,306,1.0462,1.0462,1.0462,1.0462,0.0,42737.8583333,42737,0,6,41,
1117,01/02,19:37,411,1.0462,1.0462,1.0462,1.0462,0.0,42737.8590278,42737,0,7,41,
1118,01/02,19:38,313,1.0462,1.0462,1.0462,1.0462,0.0,42737.8597222,42737,0,8,41,
1119,01/02,19:39,317,1.0462,1.0462,1.0462,1.0462,0.0,42737.8604167,42737,0,9,41,
1120,01/02,19:40,341,1.0462,1.0462,1.0462,1.0462,0.0,42737.8611111,42737,0,10,41,
1121,01/02,19:41,352,1.0462,1.0462,1.0462,1.0462,0.0,42737.8618056,42737,0,11,41,
1122,01/02,19:42,209,1.0462,1.0462,1.0462,1.0462,0.0,42737.8625,42737,0,12,41,
1123,01/02,19:43,334,1.0461,1.0462,1.0462,1.046,0.0,42737.8631944,42737,0,13,41,
1124,01/02,19:44,292,1.0461,1.0461,1.0461,1.0461,0.0,42737.8638889,42737,0,14,41,
1125,01/02,19:45,332,1.0461,1.0461,1.0461,1.046,0.0,42737.8645833,42737,0,15,41,
1126,01/02,19:46,374,1.0461,1.0461,1.0461,1.046,0.0,42737.8652778,42737,0,16,41,
1127,01/02,19:47,403,1.0461,1.0461,1.0461,1.046,0.0,42737.8659722,42737,0,17,41,
1128,01/02,19:48,399,1.0461,1.0461,1.0461,1.046,0.0,42737.8666667,42737,0,18,41,
1129,01/02,19:49,495,1.0461,1.0461,1.0462,1.0461,0.0,42737.8673611,42737,0,19,41,
1130,01/02,19:50,384,1.0461,1.0461,1.0461,1.0461,0.0,42737.8680556,42737,0,20,41,
1131,01/02,19:51,327,1.0461,1.0461,1.0461,1.0461,0.0,42737.86875,42737,0,21,41,
1132,01/02,19:52,324,1.0461,1.0461,1.0461,1.0461,0.0,42737.8694444,42737,0,22,41,
1133,01/02,19:53,300,1.0461,1.0461,1.0461,1.0461,0.0,42737.8701389,42737,0,23,41,
1134,01/02,19:54,230,1.0461,1.0461,1.0461,1.0461,0.0,42737.8708333,42737,0,24,41,
1135,01/02,19:55,338,1.0461,1.0461,1.0461,1.0461,0.0,42737.8715278,42737,0,25,41,
1136,01/02,19:56,440,1.0461,1.0461,1.0461,1.0461,0.0,42737.8722222,42737,0,26,41,
1137,01/02,19:57,477,1.0461,1.0461,1.0461,1.0461,0.0,42737.8729167,42737,0,27,41,
1138,01/02,19:58,337,1.046,1.0461,1.0461,1.046,0.0,42737.8736111,42737,0,28,41,
1139,01/02,19:59,580,1.046,1.046,1.046,1.0459,0.0,42737.8743056,42737,0,29,41,
1140,01/02,20:00,477,1.046,1.046,1.046,1.046,0.0,42737.875,42737,0,0,42,
1141,01/02,20:01,324,1.046,1.046,1.046,1.046,0.0,42737.8756944,42737,0,1,42,
1142,01/02,20:02,330,1.046,1.046,1.0461,1.046,0.0,42737.8763889,42737,0,2,42,
1143,01/02,20:03,657,1.046,1.046,1.046,1.046,0.0,42737.8770833,42737,0,3,42,
1144,01/02,20:04,244,1.046,1.046,1.046,1.046,0.0,42737.8777778,42737,0,4,42,
1145,01/02,20:05,196,1.046,1.046,1.046,1.046,0.0,42737.8784722,42737,0,5,42,
1146,01/02,20:06,198,1.046,1.046,1.046,1.046,0.0,42737.8791667,42737,0,6,42,
1147,01/02,20:07,263,1.046,1.046,1.046,1.046,0.0,42737.8798611,42737,0,7,42,
1148,01/02,20:08,1262,1.0458,1.046,1.046,1.0457,0.0,42737.8805556,42737,0,8,42,
1149,01/02,20:09,920,1.0458,1.0458,1.0459,1.0458,0.0,42737.88125,42737,0,9,42,
1150,01/02,20:10,908,1.0459,1.0458,1.0459,1.0458,0.0,42737.8819444,42737,0,10,42,
1151,01/02,20:11,494,1.0459,1.0459,1.0459,1.0459,0.0,42737.8826389,42737,0,11,42,
1152,01/02,20:12,503,1.0458,1.0459,1.0459,1.0457,0.0,42737.8833333,42737,0,12,42,
1153,01/02,20:13,426,1.0458,1.0458,1.0458,1.0458,0.0,42737.8840278,42737,0,13,42,
1154,01/02,20:14,433,1.0458,1.0458,1.0458,1.0458,0.0,42737.8847222,42737,0,14,42,
1155,01/02,20:15,387,1.0458,1.0458,1.0458,1.0458,0.0,42737.8854167,42737,0,15,42,
1156,01/02,20:16,473,1.0458,1.0458,1.0458,1.0457,0.0,42737.8861111,42737,0,16,42,
1157,01/02,20:17,903,1.0458,1.0458,1.0458,1.0457,0.0,42737.8868056,42737,0,17,42,
1158,01/02,20:18,762,1.0459,1.0458,1.0459,1.0458,0.0,42737.8875,42737,0,18,42,
1159,01/02,20:19,802,1.0459,1.0459,1.0459,1.0459,0.0,42737.8881944,42737,0,19,42,
1160,01/02,20:20,854,1.0459,1.0459,1.0459,1.0459,0.0,42737.8888889,42737,0,20,42,
1161,01/02,20:21,699,1.0459,1.0459,1.0459,1.0458,0.0,42737.8895833,42737,0,21,42,
1162,01/02,20:22,778,1.0458,1.0459,1.0459,1.0458,0.0,42737.8902778,42737,0,22,42,
1163,01/02,20:23,724,1.0458,1.0458,1.0458,1.0458,0.0,42737.8909722,42737,0,23,42,
1164,01/02,20:24,576,1.0459,1.0458,1.0459,1.0458,0.0,42737.8916667,42737,0,24,42,
1165,01/02,20:25,676,1.0459,1.0459,1.0459,1.0458,0.0,42737.8923611,42737,0,25,42,
1166,01/02,20:26,832,1.0459,1.0459,1.0459,1.0459,0.0,42737.8930556,42737,0,26,42,
1167,01/02,20:27,850,1.0459,1.0459,1.0459,1.0459,0.0,42737.89375,42737,0,27,42,
1168,01/02,20:28,418,1.0459,1.0459,1.0459,1.0459,0.0,42737.8944444,42737,0,28,42,
1169,01/02,20:29,302,1.0459,1.0459,1.0459,1.0459,0.0,42737.8951389,42737,0,29,42,
1170,01/02,20:30,353,1.0459,1.0459,1.0459,1.0459,0.0,42737.8958333,42737,0,0,43,
1171,01/02,20:31,375,1.0459,1.0459,1.0459,1.0459,0.0,42737.8965278,42737,0,1,43,
1172,01/02,20:32,307,1.0459,1.0459,1.0459,1.0458,0.0,42737.8972222,42737,0,2,43,
1173,01/02,20:33,266,1.0459,1.0459,1.0459,1.0458,0.0,42737.8979167,42737,0,3,43,
1174,01/02,20:34,252,1.0459,1.0459,1.0459,1.0458,0.0,42737.8986111,42737,0,4,43,
1175,01/02,20:35,392,1.0459,1.0459,1.0459,1.0459,0.0,42737.8993056,42737,0,5,43,
1176,01/02,20:36,408,1.0459,1.0459,1.0459,1.0459,0.0,42737.9,42737,0,6,43,
1177,01/02,20:37,365,1.0459,1.0459,1.0459,1.0459,0.0,42737.9006944,42737,0,7,43,
1178,01/02,20:38,390,1.0459,1.0459,1.0459,1.0459,0.0,42737.9013889,42737,0,8,43,
1179,01/02,20:39,358,1.0459,1.0459,1.0459,1.0459,0.0,42737.9020833,42737,0,9,43,
1180,01/02,20:40,406,1.0459,1.0459,1.0459,1.0459,0.0,42737.9027778,42737,0,10,43,
1181,01/02,20:41,407,1.0459,1.0459,1.0459,1.0459,0.0,42737.9034722,42737,0,11,43,
1182,01/02,20:42,278,1.0459,1.0459,1.0459,1.0459,0.0,42737.9041667,42737,0,12,43,
1183,01/02,20:43,399,1.0459,1.0459,1.0459,1.0459,0.0,42737.9048611,42737,0,13,43,
1184,01/02,20:44,337,1.0459,1.0459,1.0459,1.0459,0.0,42737.9055556,42737,0,14,43,
1185,01/02,20:45,356,1.0459,1.0459,1.0459,1.0459,0.0,42737.90625,42737,0,15,43,
1186,01/02,20:46,376,1.0459,1.0459,1.0459,1.0459,0.0,42737.9069444,42737,0,16,43,
1187,01/02,20:47,342,1.0459,1.0459,1.0459,1.0459,0.0,42737.9076389,42737,0,17,43,
1188,01/02,20:48,507,1.046,1.0459,1.0461,1.0459,0.0,42737.9083333,42737,0,18,43,
1189,01/02,20:49,694,1.046,1.046,1.046,1.0459,0.0,42737.9090278,42737,0,19,43,
1190,01/02,20:50,260,1.046,1.046,1.046,1.046,0.0,42737.9097222,42737,0,20,43,
1191,01/02,20:51,192,1.046,1.046,1.046,1.046,0.0,42737.9104167,42737,0,21,43,
1192,01/02,20:52,247,1.046,1.046,1.046,1.046,0.0,42737.9111111,42737,0,22,43,
1193,01/02,20:53,248,1.046,1.046,1.046,1.046,0.0,42737.9118056,42737,0,23,43,
1194,01/02,20:54,301,1.046,1.046,1.046,1.046,0.0,42737.9125,42737,0,24,43,
1195,01/02,20:55,226,1.046,1.046,1.046,1.046,0.0,42737.9131944,42737,0,25,43,
1196,01/02,20:56,148,1.046,1.046,1.046,1.046,0.0,42737.9138889,42737,0,26,43,
1197,01/02,20:57,162,1.046,1.046,1.046,1.046,0.0,42737.9145833,42737,0,27,43,
1198,01/02,20:58,172,1.046,1.046,1.046,1.046,0.0,42737.9152778,42737,0,28,43,
1199,01/02,20:59,397,1.046,1.046,1.046,1.046,0.0,42737.9159722,42737,0,29,43,
1200,01/02,21:00,925,1.0459,1.046,1.046,1.0458,0.0,42737.9166667,42737,0,0,44,
1201,01/02,21:01,799,1.0458,1.0459,1.0459,1.0458,0.0,42737.9173611,42737,0,1,44,
1202,01/02,21:02,1578,1.0457,1.0458,1.0458,1.0457,0.0,42737.9180556,42737,0,2,44,
1203,01/02,21:03,1910,1.0457,1.0457,1.0458,1.0457,0.0,42737.91875,42737,0,3,44,
1204,01/02,21:04,1147,1.0457,1.0457,1.0457,1.0456,0.0,42737.9194444,42737,0,4,44,
1205,01/02,21:05,388,1.0457,1.0457,1.0457,1.0457,0.0,42737.9201389,42737,0,5,44,
1206,01/02,21:06,415,1.0458,1.0457,1.0458,1.0457,0.0,42737.9208333,42737,0,6,44,
1207,01/02,21:07,1490,1.0457,1.0458,1.0458,1.0457,0.0,42737.9215278,42737,0,7,44,
1208,01/02,21:08,952,1.0456,1.0457,1.0457,1.0456,0.0,42737.9222222,42737,0,8,44,
1209,01/02,21:09,499,1.0456,1.0456,1.0457,1.0456,0.0,42737.9229167,42737,0,9,44,
1210,01/02,21:10,422,1.0456,1.0456,1.0456,1.0456,0.0,42737.9236111,42737,0,10,44,
1211,01/02,21:11,823,1.0456,1.0456,1.0456,1.0456,0.0,42737.9243056,42737,0,11,44,
1212,01/02,21:12,1760,1.0455,1.0456,1.0456,1.0455,0.0,42737.925,42737,0,12,44,
1213,01/02,21:13,658,1.0452,1.0455,1.0455,1.0451,0.0,42737.9256944,42737,0,13,44,
1214,01/02,21:14,438,1.0452,1.0452,1.0452,1.0452,0.0,42737.9263889,42737,0,14,44,
1215,01/02,21:15,1720,1.0453,1.0452,1.0454,1.0452,0.0,42737.9270833,42737,0,15,44,
1216,01/02,21:16,1470,1.0453,1.0453,1.0453,1.0453,0.0,42737.9277778,42737,0,16,44,
1217,01/02,21:17,1816,1.0452,1.0453,1.0453,1.0452,0.0,42737.9284722,42737,0,17,44,
1218,01/02,21:18,867,1.0452,1.0452,1.0452,1.0452,0.0,42737.9291667,42737,0,18,44,
1219,01/02,21:19,733,1.0452,1.0452,1.0452,1.0452,0.0,42737.9298611,42737,0,19,44,
1220,01/02,21:20,419,1.0452,1.0452,1.0453,1.0452,0.0,42737.9305556,42737,0,20,44,
1221,01/02,21:21,229,1.0452,1.0452,1.0452,1.0452,0.0,42737.93125,42737,0,21,44,
1222,01/02,21:22,363,1.0452,1.0452,1.0452,1.0452,0.0,42737.9319444,42737,0,22,44,
1223,01/02,21:23,328,1.0452,1.0452,1.0452,1.0452,0.0,42737.9326389,42737,0,23,44,
1224,01/02,21:24,308,1.0452,1.0452,1.0452,1.0452,0.0,42737.9333333,42737,0,24,44,
1225,01/02,21:25,311,1.0452,1.0452,1.0452,1.0452,0.0,42737.9340278,42737,0,25,44,
1226,01/02,21:26,327,1.0452,1.0452,1.0452,1.0452,0.0,42737.9347222,42737,0,26,44,
1227,01/02,21:27,318,1.0452,1.0452,1.0452,1.0452,0.0,42737.9354167,42737,0,27,44,
1228,01/02,21:28,375,1.0452,1.0452,1.0452,1.0452,0.0,42737.9361111,42737,0,28,44,
1229,01/02,21:29,373,1.0452,1.0452,1.0452,1.0452,0.0,42737.9368056,42737,0,29,44,
