i,mean-1-MGVT,std-1-MGVT,mean-3-MGVT,std-3-MGVT,mean-1-T2VT,std-1-T2VT,mean-3-T2VT,std-3-T2VT
200,-73.76913319463561,3.864630333112528,-71.42914638719307,4.309409663414986,-74.70778633739877,4.818890380682544,-73.7293697951581,4.6757328900195825
400,-74.62565906743762,3.0150106680054027,-72.05274348714885,3.4928670908782737,-70.40579783127963,3.8636101722190186,-73.78511552110722,3.961852783609068
600,-73.82407405063708,2.9061880783041025,-73.23063986965734,3.011482699371423,-70.02386644740878,3.3828400190868875,-72.31490066961074,3.2526276615718084
800,-74.36448183436092,2.697214863183719,-73.49917241238307,2.8620865522116556,-69.74950661751484,3.1108385769193907,-71.97191217473542,3.087342772366307
1000,-73.43290576790054,2.6365412692906696,-73.6087943158826,2.732219755246044,-70.18769897545168,3.0188621881278386,-70.98026059664384,2.96216392024624
1200,-73.64891125681855,2.5402476942345804,-72.64234596352951,2.6283802793025814,-69.73557404882239,2.902885145239417,-69.97501057511994,2.8729698749746646
1400,-73.93838348746266,2.459331309583075,-72.80597809436642,2.5080307667174244,-69.60388933433556,2.981332994232974,-69.65204472997469,2.847687594927594
1600,-73.92421153151737,2.377675828368389,-72.88991111169206,2.4620447646994803,-69.27295698001286,3.0227394049043768,-69.40984456441161,2.8566560944024886
1800,-73.9007245734418,2.3667533343461686,-73.04649648813391,2.411976150408809,-68.74593256271761,3.026084294088905,-69.1938938430168,2.8790391735098515
2000,-73.65026066719699,2.332848483012896,-73.12967622461612,2.363975619305976,-68.42156625675769,2.9954793156526143,-69.05704293611319,2.951247417962965
2200,-73.41732083684472,2.3895892839573083,-73.04012324834501,2.3577902386744714,-68.14683138867308,3.041825302769852,-68.57930359513712,2.9248922358966722
2400,-73.53722965159564,2.3851589299299065,-72.98043792240689,2.3736572623628445,-67.7534923292377,3.0531025393973135,-68.32042008241466,2.8992653398244395
2600,-73.45998484103346,2.3914412990795606,-72.81955719988301,2.3955351508520475,-67.53684831159889,3.059187750332668,-67.9631830616267,2.940257021748862
2800,-73.24862215429238,2.384619158632267,-72.96004443986817,2.360868056014391,-67.2280677977313,3.008714585450184,-67.74521483193357,2.908792120477645
3000,-73.34063348546502,2.332047493346273,-72.8797534387848,2.3826483191046046,-66.93583038648941,3.017237812834316,-67.58898443256417,2.8582829458129755
3200,-73.22778706484274,2.354340999381231,-72.79028923500991,2.4120814856759054,-66.4852905849904,2.975693122587442,-67.26722894204079,2.8348311464840856
3400,-73.04910917288434,2.2983890161393488,-72.78350417899804,2.443016154761721,-66.38131290673783,2.997271780781918,-66.99416694754466,2.840700838592131
3600,-73.18903110364772,2.3057095377004417,-72.66293186443545,2.476142076611749,-65.95129134365648,3.016997904148848,-66.8486930345558,2.820815883658932
3800,-73.26940806551399,2.2993561828370215,-72.63540285405803,2.4765909886282764,-65.73254535522324,3.03370020260865,-66.82924433577006,2.823931592759752
4000,-73.08761077453995,2.3445058914150922,-72.57640954663597,2.4674028141971696,-65.49333964558161,3.0542044327696054,-66.56150335701858,2.8355406604184723
4200,-73.00711674409322,2.361805172640268,-72.45402810824825,2.4622500181417655,-65.30828892773468,3.07093510607224,-66.2430997098843,2.8463523181807564
4400,-72.94022566903485,2.3439631126282583,-72.23732198985513,2.4664392364892582,-64.88725336623857,3.088072298640655,-66.12023996762483,2.8673597474454997
4600,-72.92334295166384,2.342052545498747,-72.22467481680546,2.4698699938936906,-64.57689403411632,3.052333265195719,-65.85152398430368,2.8722105235046
4800,-72.63952622075088,2.40332628994561,-72.1469468787602,2.514265346366014,-64.31927376959338,3.0623052207284736,-65.60970203949421,2.901044481544149
5000,-72.50824811240159,2.4016695665418397,-72.03960544008501,2.524126617335158,-63.962551606621986,3.03070826599827,-65.27942766531187,2.9066617706133537
5200,-72.42482506713787,2.4437795817392147,-71.87875824635067,2.5578709911483557,-63.53521637387061,3.042293340652571,-64.99404343673433,2.9216067451466414
5400,-72.23361808273243,2.4866554782184536,-71.72946156202035,2.605846802003809,-63.20367321329722,3.045710773878988,-64.64766157538766,2.9245490777400787
5600,-72.00663856126357,2.537947817142955,-71.58882857147127,2.6579101711364808,-62.83531619800753,3.005773599213451,-64.40612351602594,2.926025077558174
5800,-71.82948269402694,2.5549433920995446,-71.46360389414991,2.683255288360794,-62.51565558156024,2.976469786506368,-64.1487783349261,2.9091629139575725
6000,-71.6871737144846,2.604527546300608,-71.33283370352385,2.7139206236122853,-62.24725825438196,2.9672791501858,-63.90052176841936,2.9010747782719037
6200,-71.65538562072399,2.6086361184569156,-71.05278057356836,2.7643054190302956,-61.93100891916992,2.918152905782099,-63.56247004730754,2.8831648503026757
6400,-71.40761059533862,2.665894160729932,-70.78082168524557,2.8252723672806708,-61.64862024397475,2.887916144763963,-63.39884216005983,2.9070291588137978
6600,-71.21108121994956,2.7171444690259237,-70.46930265258732,2.850096191872366,-61.30383384029404,2.8588545821493194,-63.220892769179166,2.8883446145130214
6800,-71.0330690817505,2.7569195203191335,-70.09813670802137,2.934603767337747,-60.80893105509342,2.8300924493323087,-62.91317859641477,2.887183873923743
7000,-70.94832706076663,2.7863488223560364,-69.97638579270344,2.941664799583901,-60.353210855787026,2.793881795450195,-62.61396809525433,2.916709742271225
7200,-70.72309614182139,2.839754025486359,-69.78402915573398,2.9409893948415204,-59.951275038001256,2.7640513093873937,-62.45017839047114,2.9054823267876997
7400,-70.46103595825684,2.882949384053008,-69.76019171934125,2.9354150005163535,-59.55499225913898,2.726331680609577,-62.31898420764941,2.9125797596102596
7600,-70.27943635753338,2.9071265777707866,-69.4441530362538,2.9597195232109303,-59.15261711570789,2.690998405382279,-62.095170533483426,2.9227268190011224
7800,-70.07111018245189,2.8974259589777027,-69.30165309684891,2.979954249329249,-58.80508915726231,2.674675471943726,-61.84471254882342,2.88525044884519
8000,-69.9896441204818,2.886380129208232,-68.93883527781502,3.0247304271243554,-58.65280745853989,2.6283298035002725,-61.60821191460039,2.8923932203299647
8200,-69.7607272461788,2.8842805120825785,-68.58910985012021,3.0574892110046132,-58.39699403390698,2.6162485060753577,-61.50771150531782,2.8556613779425533
8400,-69.66103026615913,2.90769074895012,-68.37948969839141,3.0820872021041104,-58.037471848714425,2.6190760231714774,-61.32383840034237,2.833239298823475
8600,-69.5982581068985,2.894622697827767,-68.2419896827584,3.077662879549954,-57.73909970940723,2.626573068522022,-61.20185881987328,2.8141089220581144
8800,-69.41720851786033,2.8974716316337332,-67.94510231172526,3.0888842058510675,-57.56354475963889,2.628010092579497,-60.859310080796256,2.771701243991683
9000,-69.33789885420619,2.9090908811272174,-67.77039186627357,3.0976976649608097,-57.467588528737934,2.5918835271883616,-60.705727837975616,2.7666546169710355
9200,-69.2313018151368,2.9098088186771105,-67.64384461464516,3.136561158804855,-57.16037449494597,2.574042730383893,-60.48344868959533,2.7725737381850406
9400,-68.9588795926057,2.923110864113618,-67.52843869359025,3.144859207432401,-57.120415157856606,2.5550484132271105,-60.109263096416534,2.764148828690426
9600,-68.77996629865686,2.9006065208705025,-67.33916733137323,3.182952422126401,-56.9330032671602,2.5647121378782978,-59.90316493137626,2.75203971446373
9800,-68.51335485884184,2.9242698129484466,-67.23962599753924,3.182304406380733,-56.843808544345904,2.579356228918787,-59.79851192067519,2.74008937395325
10000,-68.31536968036534,2.9129040397281094,-67.0825505742797,3.161841537415179,-56.67506132396679,2.5656907902716797,-59.65096171799061,2.7183740385366324
10200,-68.15390897561039,2.9325649381944947,-66.86616234777344,3.1207383384286724,-56.58313097764833,2.554499252607695,-59.46623809776624,2.7170611485448535
10400,-67.97659992887375,2.926009652677636,-66.67605420864002,3.1196395563976465,-56.46906406599208,2.5014648954776235,-59.29437147352513,2.6972415419024416
10600,-67.71724906365958,2.93517180587902,-66.40770682694459,3.1198953500637763,-56.326792517073834,2.4636852585035083,-59.15987166480721,2.6751668035394958
10800,-67.55257083179612,2.934293456503464,-66.1921964349611,3.0929863639547093,-56.29996234528121,2.453190314857522,-59.041052479548995,2.672917315647438
11000,-67.40472735212707,2.9296364286523557,-66.05630250635863,3.0980488164758624,-56.240905146053976,2.4371314262212045,-58.81705137169996,2.6688187523639737
11200,-67.373086541589,2.925199235174645,-65.91267108141365,3.123181771804024,-56.13011168232197,2.4214179534998417,-58.7369139449009,2.6372634749592305
11400,-67.22726976987153,2.9272799566101035,-65.69830830690506,3.0874158018402227,-55.94163780432206,2.4128032820474723,-58.690228377056236,2.6232936556689026
11600,-66.9894763865722,2.9397610859300314,-65.6286890656878,3.0940862776246547,-55.871172329150795,2.364359779527828,-58.46471307529035,2.5922113911672198
11800,-66.85544274833363,2.9288010512170017,-65.32096150095963,3.087994855155134,-55.673945397711,2.361065727418897,-58.311553940133805,2.5543029238454933
12000,-66.73681115643102,2.944148922203229,-65.2511698074584,3.050943170221748,-55.62517278976573,2.3590767485403883,-57.947212999685206,2.5342476027872647
12200,-66.63064740196515,2.944217770022224,-64.99060381234064,3.0532263974240257,-55.61936751438517,2.363480389674916,-57.77270367093624,2.506711762952555
12400,-66.50822949533934,2.9399261014272313,-64.86089505598352,3.06020278169807,-55.451789525911934,2.3592350178374,-57.53789376952143,2.5078132544853378
12600,-66.29130610770099,2.970077734124209,-64.649226771654,3.0658648791409253,-55.35529675077827,2.373810150472358,-57.25836982491446,2.506921372884773
12800,-66.00824393206774,2.9989949092395025,-64.58244373984652,3.0547721722331382,-55.16103735901681,2.3680466931540183,-57.06341075518772,2.479050568038483
13000,-65.74357651600704,3.048581469570397,-64.30014280776932,3.0584547577849825,-55.04601309604452,2.3873153398768023,-56.746691499499896,2.4628017661971926
13200,-65.5137268966971,3.046083282851799,-64.15721608290315,3.037182603542922,-54.88415609715213,2.3898052813448794,-56.553045919479764,2.4505810286274823
13400,-65.37604085135635,3.042663982897379,-64.05102213449119,3.017106932930322,-54.84908391905551,2.368330458916822,-56.504983229588824,2.431362700357074
13600,-65.11431217290564,3.051646638785152,-63.914395239604325,3.022329772496345,-54.821356742184804,2.3839771965485137,-56.33182407814434,2.43149935616325
13800,-64.8020509564864,3.090461276322221,-63.66336981044074,3.035582674276964,-54.69603581444976,2.380685606892778,-56.239594703825844,2.431223474511241
14000,-64.57445996886169,3.0953161637512747,-63.553742770997616,3.0363123263408283,-54.640145851053276,2.369729343412051,-56.025781009021784,2.430797239044984
14200,-64.40437249388782,3.0727200396009797,-63.328588135653874,3.0320488621130055,-54.46413206194507,2.3552664967593184,-55.92510500600014,2.428339801696798
14400,-64.23940338945864,3.0563190961321456,-63.09299805191029,3.0447175549312457,-54.248123203383436,2.337323776404874,-55.65014253215135,2.4454526750597494
14600,-63.98057541811416,3.067742726825857,-62.96336693703253,3.0253652012984253,-54.20345356566405,2.31438224267169,-55.42896203916316,2.4637884338985145
14800,-63.833929034525674,3.077866747644329,-62.80604882500473,3.032788387027652,-54.17352347722232,2.303379936192957,-55.32438714615418,2.4445400313494043
15000,-63.512752362616496,3.1015389987883206,-62.745041556088694,3.036172437434754,-54.10857718712625,2.3002176411577198,-55.16462767131998,2.4532829465016937
15200,-63.33699279470497,3.114629284403722,-62.61486904713418,3.036067753269596,-53.95091794327469,2.2930560582948774,-55.05977769350885,2.4456395861353557
15400,-63.21081339940311,3.1283542713546955,-62.449834702163756,3.065105164683469,-54.001417335330636,2.289122649743563,-54.91080462981481,2.4547272583541107
15600,-63.11462938208915,3.132439155537616,-62.27410510273692,3.097232407737413,-54.00906965616195,2.277699015932999,-54.84940185996918,2.433821574945855
15800,-62.973207759124676,3.1377318943199315,-62.22331492420348,3.088347413266293,-53.84471814291759,2.2649201362676075,-54.74973785006298,2.4494679401336454
16000,-62.90805572010844,3.1541272499010824,-62.12753533139785,3.087764118162391,-53.753845855860654,2.250368904197585,-54.702428849189076,2.4290593172562396
16200,-62.72144387883132,3.1465774920226655,-62.06031292304283,3.1076345472902305,-53.67503476717563,2.24251958319184,-54.56076233141106,2.42631438094129
16400,-62.610899230515905,3.1154858939908703,-61.856881032029506,3.1073405325413623,-53.58111563513169,2.2295940585397416,-54.62499225456697,2.418226535523613
16600,-62.44949891491059,3.1008513457109608,-61.83932932675245,3.138581213448908,-53.51476283849391,2.2360680818949072,-54.603004579217775,2.397275086320689
16800,-62.45294518922876,3.0770891339480113,-61.677901304184495,3.13795536141593,-53.45139260120026,2.2207311974252413,-54.527694426970314,2.387756373785326
17000,-62.22702363212894,3.0899190331438855,-61.43347693412197,3.1393204000246717,-53.31027012603041,2.2264963329077427,-54.46590877250682,2.3910268867812126
17200,-62.179322383434425,3.092091290005426,-61.40279741888493,3.137574984215339,-53.18848431057963,2.2177812163038024,-54.37663901677586,2.3804611224185828
17400,-62.08049851046737,3.074680353709585,-61.40590992674763,3.1300410980777493,-53.10434493877015,2.2134750333812843,-54.36674347421959,2.376495874539664
17600,-62.033645943056456,3.0642286921217616,-61.19805515243254,3.154327370746466,-53.00357676965851,2.2256379960577983,-54.31532501516807,2.3844163210141462
17800,-61.919902407335,3.0477608666871436,-61.14143476626243,3.1532189523251377,-52.74102513413777,2.2214285395708058,-54.239711467104264,2.3974084291305946
18000,-61.798095905722384,3.0340977549297348,-60.99800312821624,3.1559010467249857,-52.761229674401804,2.206180428663434,-54.184783845632225,2.3834743207370623
18200,-61.69742434427011,2.9872092401733576,-60.861920919801996,3.172924384095688,-52.786600211114795,2.2090357590038843,-54.09103948956862,2.3760099904645466
18400,-61.482837291535546,2.983323434649369,-60.73510208329201,3.1957544869098005,-52.651592840190645,2.215452204250399,-53.98912400651122,2.3703269263146427
18600,-61.44656143039331,2.9745052430592587,-60.66579605131851,3.1778387529745418,-52.49840606640814,2.2176214499882323,-53.94362284656934,2.3592589273024385
18800,-61.50257908726733,2.97148574109984,-60.5133553277465,3.186992332728753,-52.39844234204916,2.2133255051049527,-53.948819177993116,2.3641813890184724
19000,-61.51770471654706,2.973943251084586,-60.40847311873156,3.1686213404836745,-52.45715187882584,2.2094261415682275,-53.884851812904884,2.379704368015414
19200,-61.4652814410525,2.964288182277525,-60.39006070164488,3.1701258109203625,-52.40535019370931,2.190179247759678,-53.85280691767077,2.375213735969107
19400,-61.4120435485572,2.939247220932486,-60.39129067538025,3.159396192714108,-52.31922647905116,2.1937747736838795,-53.75144486297137,2.361630004294681
19600,-61.34665718493894,2.9335966772652613,-60.21139365584019,3.176472414575013,-52.30411623073165,2.208453801231828,-53.76307918440627,2.3724060492301975
19800,-61.233134546172714,2.9298415688478974,-60.10010288504379,3.1672971137685466,-52.36063225648186,2.2138896186123374,-53.67042984996526,2.357772575164229
20000,-61.06830827602886,2.9152337950753795,-60.09128280452208,3.171652470812897,-52.35570295155204,2.21861029030656,-53.46809928830111,2.335060654569558
20200,-61.07410755691252,2.898144483934687,-60.096912232666725,3.1496295771396454,-52.19491414918333,2.221882151385257,-53.45513105112735,2.348011800186726
20400,-60.90986228703182,2.8940872795618815,-59.90449604964074,3.1416007419396235,-52.14699122883915,2.226867918033403,-53.445845333127565,2.3448513383710647
20600,-60.73665628599626,2.890200326695268,-59.77504489095609,3.133494888692648,-52.11189666485864,2.2248031629333065,-53.43003071710802,2.363831486068912
20800,-60.702913391407364,2.9014967433462924,-59.551812783211716,3.158114726859905,-52.130115589494416,2.2170072469343456,-53.53771470049718,2.3640112379450477
21000,-60.60676609596404,2.9079401590185783,-59.611427280183186,3.1531017548444114,-52.138142856728656,2.2112249782634827,-53.51275618159513,2.358424394908993
21200,-60.42911248343037,2.9169972417019796,-59.570505643585705,3.166520782949506,-52.10795791778135,2.2059626205889282,-53.448872862355856,2.35491055569024
21400,-60.36433299466483,2.9257756374756663,-59.65752642352228,3.1649935193400602,-52.130496603107524,2.1989540154409255,-53.58183781244128,2.343083942932185
21600,-60.226452803086794,2.9282455006570385,-59.57479513045003,3.1602539079397176,-52.08426764094637,2.206649736451425,-53.512088161071176,2.3278302028061284
21800,-60.077847558913135,2.933619683363128,-59.49385397037077,3.1414875141608376,-52.10480595051112,2.211613579521341,-53.47003164723579,2.339858776146552
22000,-60.00423456792907,2.949827685057148,-59.408219908585515,3.1364868590347896,-52.09581397614268,2.2083347605222174,-53.38690341710991,2.328588885322824
22200,-59.857129214774744,2.93368382698428,-59.326686051535425,3.150596047486105,-52.03627893226953,2.1945828522229975,-53.220344877487605,2.325168948970032
22400,-59.78107404985958,2.9434865991364108,-59.34812406661933,3.136457440477174,-52.06830648188989,2.1855596818719008,-53.24387879364141,2.3213164703735765
22600,-59.677730358501705,2.952010981067002,-59.357668493036755,3.132162420039095,-52.117591613956364,2.1911866867446004,-53.27291594818797,2.354032312656817
22800,-59.556921007812235,2.955583869316287,-59.240185649401965,3.145850436570543,-52.134298691381076,2.1839355876080493,-53.20622367255689,2.356647827676795
23000,-59.532403994310236,2.9785366818007932,-59.32925202161374,3.127292667640634,-52.16719835454011,2.1704708326710986,-53.255451628247286,2.366208735566943
23200,-59.29357211471929,2.9667018919856987,-59.270685617025045,3.1305639384765933,-52.09959693545941,2.174916453001534,-53.16039225921279,2.370911984492623
23400,-59.1733442840738,2.9916396414000683,-59.20841496829926,3.1248500246579645,-52.03776182441598,2.1631544107411704,-53.17671262338214,2.3910901378947496
23600,-59.12513846898167,2.9846119233073813,-59.09021923655709,3.1407138801605528,-52.112113890768924,2.15982571496127,-53.272616068249135,2.378743554284326
23800,-59.08156664773437,2.975691955834166,-58.97185984253071,3.1465566198619457,-52.02103705722654,2.166027099949903,-53.050595736238336,2.382010895564193
24000,-59.02213329009317,3.0036274609731,-58.95480012098791,3.147986284025477,-52.07304462901487,2.1555700845458614,-52.99719040004578,2.367848787804544
24200,-58.98769572884959,3.0018769569353276,-59.043888859181536,3.1319259363272964,-51.9499159207113,2.157739240706431,-52.93768834404793,2.36477458984575
24400,-58.905341303339355,3.019003192221833,-59.05754160247329,3.133358740514764,-51.817554565084755,2.1540907725549223,-52.927203050635875,2.371427807335092
24600,-58.79856375706091,3.0264573241439012,-58.90898299762805,3.1564928745825713,-51.771986045211435,2.1622285721815593,-52.853942668108814,2.3640091937724677
24800,-58.85687581951554,3.0267208042463127,-58.80737783459931,3.156796305128978,-51.752863396425084,2.156287619581207,-52.81931367222143,2.363222353158982
25000,-58.88791347480681,2.980136987586362,-58.78837473698961,3.1462786972808567,-51.80878824968898,2.1747351347526136,-52.82914034228351,2.3721764096507365
25200,-58.85221329482308,2.990044543189859,-58.67905896893454,3.1705345697428124,-51.83473922653935,2.1762358089266436,-52.83445691542848,2.3764227073677953
25400,-58.818144486492336,2.9898332559290335,-58.55343156203633,3.184399089390838,-51.72530618013785,2.1762658987557777,-52.85300427950749,2.3656618865105106
25600,-58.69322435729822,3.000352208001641,-58.47151632283827,3.1805431788521985,-51.74727876256492,2.191157905337076,-52.86753055365957,2.3678358332705307
25800,-58.584008188201544,3.011017499776493,-58.342366568927986,3.1800264459629766,-51.73052981233767,2.191822085793736,-52.84022288330081,2.372042970420063
26000,-58.636451221172,3.005784785396172,-58.36087957689607,3.1832804576197256,-51.65912235867521,2.188510720620359,-52.79686745046111,2.3794838433543983
26200,-58.66239860023688,2.971174512116659,-58.2820747394594,3.169546589566212,-51.74999396324691,2.1944579166656784,-52.81350759612815,2.3932480756851184
26400,-58.64073083622542,2.9613756605745767,-58.33006969384029,3.1565559401301826,-51.73563320090741,2.2102679992029226,-52.88224099875667,2.4004401013646803
26600,-58.62381358055322,2.9501762008767605,-58.19703397043284,3.1730037662175437,-51.6653932174909,2.218343836857262,-52.89423948311959,2.3798139662465245
26800,-58.5429890733192,2.9376655078680747,-58.11553220217645,3.166088768725595,-51.62478726145325,2.2123244166397678,-52.87489814428694,2.3914077451384688
27000,-58.318150551530586,2.9364023772556624,-57.95695997519558,3.163281941464361,-51.57762134752773,2.203256342909166,-52.887096013104426,2.402136653310692
27200,-58.246579772830856,2.936002430975627,-57.848663026716586,3.154241413239463,-51.585349339675616,2.210728675457348,-52.880010107199375,2.409637276285773
27400,-58.23523571057538,2.9144689847987904,-57.82097120425601,3.1719124524038613,-51.5640658969751,2.212924718846205,-52.90605897842548,2.397318155625132
27600,-58.13722574597289,2.926101282442145,-57.77764421423868,3.167719011158336,-51.60387149927754,2.20786122603159,-52.817385616933386,2.388476959136559
27800,-58.02976293526064,2.921701315295944,-57.73978788881189,3.176063718937776,-51.54224802076644,2.214507766800929,-52.82370922772118,2.3875523554536504
28000,-57.92284610467533,2.911399796080157,-57.64792696621281,3.171659739942414,-51.574517818905505,2.210092742305814,-52.74571013809821,2.3828241797409615
28200,-57.82389346628771,2.899910174462537,-57.7041100203097,3.1640157168604413,-51.6645795158286,2.2046617157911035,-52.669162427639115,2.3866176420197083
28400,-57.78444078381075,2.8848777313763336,-57.66466270350181,3.1448539573749503,-51.62762222301463,2.2155696802679907,-52.631915520349274,2.3971879244973198
28600,-57.774015291057076,2.914224975154131,-57.57087623045965,3.1539238436955968,-51.689509006816024,2.208894233453301,-52.58437216306682,2.3955138215632075
28800,-57.7718240670534,2.9284479001539405,-57.48127526308748,3.162973774572167,-51.66822164845402,2.209225535414446,-52.50986890924718,2.3760246489498402
29000,-57.77734345536711,2.915471224882187,-57.41450596415348,3.154383908343748,-51.639847381291354,2.207746968417184,-52.54225813540498,2.3672861009388524
29200,-57.80190313602171,2.9046686076474786,-57.237761302909746,3.1575580403445023,-51.59833419856345,2.208872934771803,-52.557309682566,2.3455398717388833
29400,-57.75209838952466,2.907098656713483,-57.32473476645164,3.152369648993564,-51.596147519459606,2.2048866995904626,-52.56028591358691,2.3585860343398735
29600,-57.72898790791364,2.911710085032662,-57.21352930823502,3.1424297750803625,-51.61591489120366,2.2072489452435153,-52.57754045463156,2.371823481745591
29800,-57.6185663224096,2.906197479735325,-57.20038729110626,3.150974925068837,-51.53159434553586,2.220442267119131,-52.51072150139512,2.35991606531246
30000,-57.4805760967102,2.91467611680902,-57.16817742395154,3.160020947872948,-51.449654551878794,2.211513163913327,-52.51876299822503,2.373892958012923
30200,-57.38512626139095,2.9386408804147037,-57.15764221238759,3.146934748996479,-51.537531419792934,2.2088180870289875,-52.48012633513972,2.383972199152259
30400,-57.38426569555804,2.943270371039514,-57.0374224442312,3.1428931345468505,-51.5495506225627,2.211321952357194,-52.487301854644365,2.360401010992923
30600,-57.37980484938469,2.9474893251982164,-56.964846690045235,3.131406888530304,-51.44006216916469,2.207081140733269,-52.488750586110044,2.354934713023732
30800,-57.33514883752057,2.936830569659838,-57.01010347031011,3.1373643219049634,-51.30904131720116,2.210844942731548,-52.46284566132683,2.3616293643747466
31000,-57.262468945917426,2.932456353664495,-56.981649730103754,3.1354241338006723,-51.255198286324884,2.2119624545245697,-52.40830275087541,2.369940289237542
31200,-57.237993040440145,2.9340492703116086,-56.9827163517829,3.1298465643998825,-51.34909162727811,2.211875493809961,-52.41286673409488,2.3736430292887176
31400,-57.231273127477316,2.9161574853646424,-56.98930697411778,3.133038129630605,-51.27878015751302,2.214643882206977,-52.3327179876864,2.366534584969513
31600,-57.218496272053386,2.9232016575860724,-56.951095505968695,3.1327826554752565,-51.28602562648807,2.213051523337386,-52.21888715249303,2.3665984226054495
31800,-57.24749275799163,2.927996433769817,-56.989496143314156,3.1240644139135303,-51.15466690685679,2.2285313658804284,-52.14858750171995,2.3676208474314535
32000,-57.40149585298494,2.912295786239027,-56.923752314268434,3.135531618104061,-51.199798022424936,2.220639973131642,-52.275892879299526,2.347235556817539
32200,-57.24851534229566,2.907188053266359,-56.9109244329717,3.114991548147084,-51.127089193047084,2.2100643463505527,-52.21865303230692,2.343518020685813
32400,-57.33370788774277,2.8946498649770396,-56.92205122568299,3.1142364025555627,-51.099516570299585,2.1966283347332447,-52.004678077781946,2.360779693563553
32600,-57.25560380605497,2.901934707012333,-56.9504910370351,3.1259731017359216,-51.0527599110538,2.195312277068761,-51.99608595844214,2.337695723249622
32800,-57.2641240736676,2.8999353653692075,-56.897203028422766,3.131512072393959,-51.04411481938901,2.193662104921617,-51.858904679350644,2.3352148793782623
33000,-57.269657820481335,2.9000713523928088,-56.90335978747722,3.1236387880491443,-51.04614184611731,2.1923672946417425,-51.941821586386695,2.3554416120881605
33200,-57.328742942916094,2.91206085831843,-56.86569541266353,3.115836313599783,-51.041896102523786,2.2011469624680733,-51.974373112746235,2.366380934019267
33400,-57.34072525249956,2.9093959021170255,-56.78966217827263,3.121877157193413,-51.03238359919446,2.195850913385577,-51.93059040048745,2.3808719428608454
33600,-57.1649575816074,2.905674804877977,-56.802145769567744,3.124161904518189,-50.94730074773208,2.189338559250571,-51.93350393633003,2.3906974957957283
33800,-57.22803211861491,2.914434544362327,-56.89553585035557,3.114941248246617,-50.9093661961654,2.189138391835273,-51.81416245659647,2.3921802171265143
34000,-57.246470905195665,2.9111520911171875,-56.92640039150099,3.1125836839099628,-50.8786744564666,2.187144098163881,-51.73320176521771,2.4030290783344537
34200,-57.33721952352816,2.9125322467746644,-56.78904589765937,3.1095477407200427,-50.74721436140983,2.1996328538571306,-51.73408886918367,2.4073602295344254
34400,-57.20305812986161,2.9059879844393555,-56.8149253334806,3.112910337250413,-50.648883454560185,2.2054649116269998,-51.75026483765113,2.3847156080664305
34600,-57.228953693580415,2.916898139703522,-56.799374283975304,3.1180334889923955,-50.70139604548476,2.205409495264571,-51.69115478924331,2.35271779734599
34800,-57.23688475936416,2.9288760602271817,-56.845072212338806,3.1106540993873004,-50.7372764910362,2.2034257551657657,-51.79342202831111,2.3468259841723595
35000,-57.20244261894502,2.9219954291806953,-56.848365143052035,3.106816293762801,-50.70633792524599,2.192255929540612,-51.81012841885871,2.339578089911848
35200,-57.330151650519134,2.9295588667426884,-56.81746769064028,3.1227941686658736,-50.69412603535381,2.188239252578773,-51.8671418310115,2.322988733658813
35400,-57.35613518924406,2.935591700051615,-56.73601358110087,3.1331843461942386,-50.728839291467196,2.1869329781288296,-51.854796773372094,2.3116527582675896
35600,-57.397271845943905,2.940138698486244,-56.616555195918835,3.14534804952785,-50.66567239145574,2.186068167934483,-51.887731779429494,2.305153905987906
35800,-57.285999510196774,2.9585525730981903,-56.69723665397216,3.163547764343846,-50.687465433348564,2.1795368898501843,-51.903676713727975,2.2913482998177765
36000,-57.18729225850592,2.953597834531837,-56.59904695702366,3.1561960986752755,-50.78817603110451,2.1699868753974805,-51.97551579441872,2.308650910515666
36200,-57.33340788893968,2.9398950400203256,-56.60695027403827,3.1626533311363243,-50.69367068079044,2.181497589115444,-52.019807224047234,2.283517769314168
36400,-57.29384101266997,2.954261252458509,-56.538850150556016,3.155852176186121,-50.6084496383689,2.1688645298706186,-51.98799401749492,2.2863366023610534
36600,-57.22968007149621,2.954882715969535,-56.48679795685656,3.1621300067920024,-50.69112896483551,2.169315132421604,-51.954134933968696,2.2850353064482616
36800,-57.159150115492324,2.9645037777948517,-56.48634300358993,3.1623282050679773,-50.74482438396325,2.1683037070938496,-51.95267964701803,2.2647478667876775
37000,-57.133897551111744,2.9588771368395443,-56.4402711303982,3.171542433794453,-50.734287641805885,2.1670103319536906,-52.061745039294735,2.260980260610886
37200,-57.10269601470067,2.9549956527584396,-56.399659506843,3.1707567584990235,-50.760458780696574,2.162246936668034,-52.07099870361131,2.2606140449680887
37400,-56.9893125850183,2.962362594719454,-56.36266266786092,3.163246812976966,-50.776297820718035,2.1525703343274407,-52.074849935820104,2.250469168125839
37600,-56.89528167749012,2.959332541679028,-56.30657543075765,3.166243900256077,-50.82613619787006,2.1372727565692236,-51.98118171004605,2.257293765005228
37800,-56.936398714730785,2.9580869071016047,-56.35003647884335,3.1647376474622892,-50.83217992109105,2.13043138258003,-51.943904319333726,2.265511345694706
38000,-56.83107170491854,2.959536178162527,-56.24533675469215,3.1492705549583953,-50.77561418901375,2.129253202906914,-51.98259224823521,2.2588555223612983
38200,-56.804700570403476,2.9713700147316335,-56.179237828720225,3.1495443758631447,-50.79767867672633,2.1244742555036877,-51.93030267253858,2.2667703347371106
38400,-56.881931701623245,2.9597247914135907,-56.130328144881524,3.153450172885533,-50.75961148960595,2.1231167736388072,-51.91765559342518,2.267576368635538
38600,-56.89013360308712,2.954289709492525,-56.059843900354444,3.1394739432126184,-50.782869377229375,2.113255678885715,-51.94489374510034,2.2709359030144167
38800,-57.07384998716943,2.9370918039176015,-56.119043674720444,3.139033907983639,-50.78982696793285,2.1102795013698823,-51.9587525257077,2.2621094856151664
39000,-57.02979372271791,2.937877585996455,-56.09623002588265,3.1402225790635896,-50.740376957638915,2.104631885639192,-51.9729397232369,2.260935852722848
39200,-57.050566751272335,2.942121171511127,-56.13073551017163,3.1382882256508386,-50.6890595250832,2.1221789884712967,-51.9029924314693,2.2601630057795887
39400,-56.79303977556941,2.920154060529016,-56.04471511462318,3.1541236886168713,-50.72214942597953,2.113990377601986,-51.91412772160771,2.265773591418485
39600,-56.7115944345352,2.908288412105419,-56.12446311712465,3.1437023088770464,-50.7524470467566,2.1109449566966574,-51.980521614337775,2.252465112750451
39800,-56.561251345453236,2.924500392100658,-56.23443213418623,3.1412234292064154,-50.83586899135389,2.1087806903844526,-52.03523120984844,2.258463241471617
40000,-56.463282953238185,2.9149106335401056,-56.22397016844107,3.1419817034852398,-50.843276623281255,2.1045330457224023,-52.10064720377622,2.255070749787182
40200,-56.44884581475524,2.9052399027475433,-56.23797694894225,3.1452522962612415,-50.83131948552892,2.1032636323858647,-52.12691652792104,2.27064604407737
40400,-56.50239370100685,2.8920081473614347,-56.1712111285636,3.146630882180133,-50.830411793254996,2.1041717868084278,-51.973708685080176,2.2743249286001066
40600,-56.47933314099324,2.8849541270269636,-56.21116376330332,3.1354780202826067,-50.88055670036508,2.0921275262973866,-51.934302800363355,2.2779141973099644
40800,-56.41338909437391,2.873106433390136,-56.01748751236287,3.1515213954871633,-50.93723797119603,2.1001906300866247,-51.91793724742102,2.2876433804716005
41000,-56.34535175779083,2.8822825053219794,-56.02758616854808,3.1575417719002536,-50.965931229590424,2.0966872787781146,-51.964533508318056,2.2705621994199605
41200,-56.31792593668752,2.8992299580707215,-55.9755992463022,3.156803376704707,-50.908597402373445,2.0878384235594,-51.93741548471001,2.2633914187896678
41400,-56.30329329974757,2.892374807772892,-56.0735955268839,3.144961444096657,-50.927998136251425,2.0869623076639043,-51.88192247016949,2.2649586159741677
41600,-56.27865634064015,2.9010822102657436,-56.03934382578607,3.1541366775027333,-50.93345546391369,2.075515009005828,-51.79967682931442,2.2779207478059607
41800,-56.208979017931135,2.9068163973049894,-56.09136437527144,3.1563668854592675,-50.86266658973344,2.0819166278934866,-51.69434901816223,2.2766208842905926
42000,-56.16197214722518,2.9073728816178983,-55.96092997916708,3.169099721696621,-50.81235472219967,2.0979995297004574,-51.76698619967824,2.2768927152639384
42200,-56.128023708458684,2.895963441782407,-55.98882868552574,3.180981987192312,-50.82101178387304,2.0907515885193675,-51.68349516397933,2.284760522305635
42400,-56.1237684631158,2.8907647033784505,-55.973863056390485,3.16056668853425,-50.908748211392236,2.0992237182446343,-51.70553002769735,2.3066571591247342
42600,-56.02907003835568,2.881210975379848,-55.98914919598335,3.168726715391811,-50.79878523660665,2.0951408079156018,-51.64940100899093,2.2856897641240823
42800,-55.89415982137542,2.8845891350315105,-55.957040994310056,3.174280378629601,-50.80875798213681,2.099019366174649,-51.617300951265435,2.280493935671909
43000,-55.75891209404997,2.88085055451354,-56.06685201604376,3.1832892793440197,-50.78443368412147,2.0877967997852593,-51.65609669232549,2.2738560844269027
43200,-55.628616542481815,2.877768332384632,-56.060237709736036,3.19380110987152,-50.77360717129369,2.0992274908908812,-51.56373778399636,2.3006474347910832
43400,-55.69631590270128,2.866042996482261,-55.97489819272927,3.192247481284162,-50.71117433707449,2.1007548235645155,-51.577323991549044,2.3099097971082174
43600,-55.52663105475961,2.8863040099392947,-55.9283874106649,3.201333731210188,-50.6775955604373,2.1109070460393045,-51.52265809933305,2.295182324720167
43800,-55.51136328026555,2.8947773828370447,-55.918258206054155,3.205858953421347,-50.62934525766008,2.1096953218394847,-51.63046591143665,2.292471143773327
44000,-55.31393058523282,2.900539995555165,-55.675041148493335,3.2145645257578543,-50.614873519619486,2.112710029960379,-51.63168147090704,2.29528801475071
44200,-55.291545544099016,2.908745140572965,-55.67329910394077,3.2146760021177427,-50.55485889548719,2.123294579206728,-51.49439208185775,2.2967295686907305
44400,-55.34573083797436,2.899597285043673,-55.73481442315496,3.1996403475117026,-50.54002299416611,2.1246938375269293,-51.420007964118376,2.2899670893629085
44600,-55.26486704097354,2.886265916551866,-55.53674078125823,3.201961055224939,-50.35773153624039,2.125467257175943,-51.48524042078961,2.299770834662553
44800,-55.23927133227496,2.893234386821419,-55.589712361462105,3.208859991198217,-50.337168115742436,2.1304956778796824,-51.45949296757967,2.2874774332136374
45000,-55.206824453295276,2.882876828587851,-55.528796797969164,3.207270680364389,-50.38446609988059,2.1449119337843636,-51.44076924954627,2.290443123304844
45200,-55.2439727724538,2.8956483002482662,-55.421712360764005,3.209721552344829,-50.33869126859654,2.158155689039025,-51.388385549861574,2.306131825280693
45400,-55.30307724339987,2.901494776674664,-55.32104290787149,3.213150220184772,-50.32752085313368,2.169955794717754,-51.474733378067015,2.3091558860956765
45600,-55.3220978822018,2.880232681240153,-55.27383336024691,3.209001819889079,-50.38816408198155,2.1752078719592216,-51.37856245510986,2.311453192343572
45800,-55.13451390471995,2.884862034211561,-55.27403176513135,3.2161213070970827,-50.3233301601029,2.1829915253534864,-51.3802834933873,2.316484389112255
46000,-55.13811013131791,2.8855255961213624,-55.178066990322435,3.2158845354968837,-50.31051557349384,2.1752780889871612,-51.30113997244398,2.322023581376195
46200,-55.079246814871375,2.8803990348599506,-55.262638781528075,3.212511491151408,-50.337393411685824,2.181437879180422,-51.223222427141216,2.332814877088882
46400,-55.073454986159994,2.871194282112748,-55.278219426010764,3.2140445221649334,-50.37947316986645,2.176798921827949,-51.229719620382376,2.3422021576844894
46600,-55.074627377159665,2.8726579832094985,-55.19000562292889,3.2189669210144904,-50.35706347146253,2.1836191588356164,-51.237289046211174,2.343555401577322
46800,-55.1072119261464,2.865021396651919,-55.245307110000866,3.2103126093215115,-50.2840067143737,2.1969334592150833,-51.24325201402328,2.3413435979759183
47000,-55.19190631064432,2.8589952373088448,-55.241354462583,3.2154883432133485,-50.200163573521465,2.199222042412566,-51.238523159630084,2.341774257522001
47200,-55.25734700635005,2.8622502056579493,-55.22466964180724,3.2085291370499602,-50.198936646790436,2.2141871203735572,-51.23502044819641,2.3581382165900626
47400,-55.330155998778515,2.8627380373506495,-55.23134465773491,3.201199147458898,-50.18348840115121,2.2100557833072934,-51.2260052690511,2.35274687491526
47600,-55.428607460847644,2.8576687274540364,-55.2377838556368,3.203018505247469,-50.21586885185587,2.217283269782744,-51.2747288421725,2.347607495449142
47800,-55.40432276837441,2.846732259123649,-55.25194434227964,3.1959223530448972,-50.221997405724984,2.220830805645935,-51.325277001481055,2.345412427609708
48000,-55.52872693679187,2.842973701941032,-55.21020051780307,3.19264997098026,-50.20866925642028,2.21510850578903,-51.39311592548143,2.3352001017220787
48200,-55.516685769678205,2.8507467971695015,-55.052638787246785,3.2006707547953805,-50.203768449670385,2.220668462486703,-51.43244344905309,2.3235016047196635
48400,-55.44836544837982,2.853034923778517,-55.083246803783794,3.2050154771738004,-50.18906830156985,2.225633209045458,-51.47374758365799,2.3211146122568884
48600,-55.440920011194585,2.8567715588424774,-55.011896892116596,3.2004437513954485,-50.13829842657481,2.2120201004078086,-51.542272700247615,2.334651642277306
48800,-55.50294999245398,2.859456100777541,-54.863202308146256,3.21444493585,-50.09719026391655,2.2259760420245605,-51.637292531385526,2.325806839071187
49000,-55.31364360039623,2.872779695121852,-54.777544521729524,3.2196917084811822,-50.094362184478065,2.2244778708721102,-51.62621592045178,2.327344556176818
49200,-55.2452647674407,2.873154161056211,-54.9221787596806,3.2123742622086757,-50.06586758454198,2.2335998994584663,-51.67495531876726,2.3265570157048385
49400,-55.17989337851147,2.8782345831567957,-54.85748772320419,3.223378125693273,-50.00919815013039,2.240317673534999,-51.77723732462027,2.3183775806679896
49600,-55.09635931694912,2.8775676855587378,-54.801698269759484,3.22490086470233,-50.10193498660967,2.25201683449654,-51.71669625402237,2.3157770914315963
49800,-54.89995292354989,2.8790512461575037,-54.87239253284582,3.2332446648292645,-50.14566061112227,2.231093240073288,-51.65674609326827,2.3322183849956404
50000,-54.915940163958965,2.8853286025031046,-54.92444022224988,3.237463567234838,-50.07962935429619,2.2269512565774443,-51.5930590644034,2.331530084602586
50200,-54.951135080664656,2.884968516257444,-54.88560468272008,3.2367013345940543,-50.21862798176598,2.2364837190081497,-51.50692594553877,2.3468531073754826
50400,-55.00367138828611,2.877955790262548,-54.80121834813324,3.24386737850285,-50.194434818335424,2.2081937645218312,-51.57045859919559,2.3357640479261437
50600,-55.026961701223044,2.873880425291356,-54.76516268516833,3.2429696621560944,-50.23565029570617,2.2047028304629537,-51.536138142438006,2.3282766678971427
50800,-55.08180220529359,2.882030921532862,-54.70188420384484,3.2378834059150967,-50.19029787788337,2.2112421944566085,-51.538708204073956,2.337579736757199
51000,-55.197084928233124,2.8850650746509756,-54.71019485180316,3.246203944119316,-50.15940341998216,2.206512164210785,-51.51551316048084,2.333609027332172
51200,-55.1112969845174,2.8889826032916424,-54.726377021315855,3.243966944633101,-50.22251151416289,2.216681443172019,-51.512594297762256,2.328656526207535
51400,-55.08970170460776,2.88708881378398,-54.69221224387638,3.24527439572583,-50.23863328384085,2.2126744178080187,-51.554055083684055,2.329273508536148
51600,-54.975574341517856,2.894977892739092,-54.595698522784915,3.2565891969869516,-50.26922024491682,2.2103191504655624,-51.56448843938667,2.3420946890118546
51800,-55.02167223218261,2.887816376829895,-54.613293727770916,3.257433703939307,-50.24868037960807,2.2086909668351216,-51.48487823014582,2.3574290067895083
52000,-55.061326651528724,2.8879654427704677,-54.67500917608346,3.2458795598417516,-50.282570108651896,2.1990148489673635,-51.38045126724651,2.372934813481428
52200,-55.01574338169962,2.8843560699379593,-54.57232496501796,3.228823135014211,-50.29963031522371,2.199426899195302,-51.336212322453676,2.3920010960763296
52400,-54.99493460448318,2.889384893988072,-54.65178776095699,3.226751139087482,-50.281549032969124,2.203663688941874,-51.353322158526595,2.4015407100355284
52600,-54.88553342157821,2.87357740703145,-54.58941082859016,3.2274012248611244,-50.34260788682575,2.204435327352735,-51.25726749857124,2.4245328663328234
52800,-54.911368729061245,2.866658273794268,-54.57364399863037,3.2359938220759927,-50.27317031045339,2.2070341069436545,-51.16920169268579,2.452759554448724
53000,-54.73224703465172,2.8906992889856196,-54.60957548710829,3.237030520843634,-50.34527088701799,2.1964537936352153,-51.14374711564423,2.44287309207056
53200,-54.653844616065854,2.89846724484413,-54.58516015429154,3.2542559963647406,-50.216717127430975,2.1877095139872718,-51.06699029784616,2.423982300183122
53400,-54.66750788675958,2.898182987650105,-54.71512769848274,3.2522724828879896,-50.28421813413742,2.197322088509806,-51.08439622298289,2.436353754662056
53600,-54.696241890084096,2.9117492296352188,-54.6803757540676,3.2558879085190315,-50.27982174560709,2.1986216281855127,-51.096737356667845,2.4188690837944375
53800,-54.548341960907074,2.905084596444998,-54.70454531287236,3.2540932368717095,-50.2080527451533,2.2010576562417414,-51.128643672648096,2.4292997347488696
54000,-54.55996592711071,2.9180128704274355,-54.65278080061246,3.262185351490522,-50.210861202006875,2.1928196080953737,-51.06635383549579,2.420262951621437
54200,-54.490523209265014,2.9368681214595314,-54.62803655310181,3.2624068761395226,-50.220305791360694,2.1887874018444218,-51.020591266299135,2.427061198814566
54400,-54.46931036039464,2.949155378330636,-54.640320157355205,3.266926846058593,-50.25566047350031,2.177896137674855,-51.00351587997027,2.44930501575918
54600,-54.41850769248883,2.945973002119,-54.68991884767809,3.2633824649809315,-50.25722795460108,2.1796737985195307,-51.00733817397865,2.444304548434949
54800,-54.51729678572572,2.9339419940454174,-54.67125204475091,3.259539044263599,-50.27134921734614,2.178781606493163,-50.971135030101934,2.4518221147206485
55000,-54.527339683514,2.9323791935107884,-54.67429207168462,3.2574258167290884,-50.27401972458195,2.1803776159232093,-51.02735240411868,2.4389722864323526
55200,-54.41358976440062,2.931973700774699,-54.74134907828474,3.251097730201987,-50.289699120261204,2.183463334723719,-50.98784267959796,2.42297981149388
55400,-54.303988841662346,2.9313162408816247,-54.79622019887028,3.249213498463193,-50.213897497185734,2.177496820096484,-50.99159960494663,2.394383680857819
55600,-54.15028720668209,2.914881736100622,-54.8206706429818,3.2455981813535244,-50.25138333698899,2.17727115346217,-51.08346028272039,2.3938446564269946
55800,-54.250653085054275,2.9079519870444495,-54.86488030036678,3.2445483845827354,-50.22674441658032,2.182399479436165,-51.10238847654378,2.3766693277197795
56000,-54.327035518993405,2.901807240952428,-54.84702276515732,3.2402535085426263,-50.26660394600849,2.1787822874446543,-51.1548580524151,2.354490370569131
56200,-54.14283319348432,2.8978129150504586,-54.896423268618754,3.230937902474968,-50.241413945176994,2.1899114243337,-51.20014677815165,2.362092452213355
56400,-54.127743051349015,2.899208235664887,-54.9274286408501,3.235997680310012,-50.15701191663245,2.1784973749449894,-51.2525420881621,2.3622140323204266
56600,-54.16738335772724,2.9020110938727397,-54.885448298780275,3.2377064463890517,-50.104348855011175,2.187304379208344,-51.172094638196384,2.358885076071992
56800,-54.26870532016876,2.8982694170094727,-54.74998018679012,3.2341282039757693,-50.18008311381407,2.185419705122383,-51.16483243852806,2.3693432459706485
57000,-54.23816155065739,2.8946576870232814,-54.740337981463874,3.2301042830546676,-50.210672734171766,2.1965342162359125,-51.10124406905424,2.371594573425321
57200,-54.22410319642742,2.8983430206553273,-54.73294644367116,3.2379867394049158,-50.15136405691066,2.212599406568352,-51.09197655773003,2.3486425956718557
57400,-54.16247030736194,2.878779167439008,-54.77904850771417,3.226042135818542,-50.24100990168664,2.2181128541426345,-51.09369616457552,2.30764399135956
57600,-54.10896072629349,2.884857502874534,-54.64807245569988,3.2350543163501855,-50.201728758781556,2.2255664738239385,-50.93292444103653,2.3020644783318027
57800,-54.16953651001317,2.883382633320019,-54.66096546876347,3.2361441204723835,-50.274975412698375,2.2189607668858495,-50.898751736365554,2.305246095638459
58000,-54.16433751416567,2.8798057517754816,-54.58182293896701,3.241371176085192,-50.25793459207396,2.2169630255102737,-50.91190982443452,2.3059586906751104
58200,-54.137249884604415,2.892532957326805,-54.53083025947226,3.2333718605869395,-50.24451327071048,2.2178061242555462,-50.98861814804646,2.304318501624772
58400,-54.239207755312115,2.8892267878753817,-54.532424581590774,3.232104438859798,-50.150079101795875,2.209854242054652,-50.9526240456472,2.2885882264455253
58600,-54.1448033395959,2.890315590734751,-54.470372729293985,3.2363854488075643,-50.177966027735486,2.1847949229353145,-50.8655175973929,2.283704915769679
58800,-54.164998590842735,2.8804833854172514,-54.51739205127974,3.2428372451055045,-50.15417785389036,2.1761347913802904,-50.741236242711715,2.279493841103552
59000,-54.024251261565134,2.8909838502897047,-54.50938811470708,3.229454912702883,-50.20055108573638,2.1736777054874183,-50.78311271756076,2.2900360960420687
59200,-54.075286891004595,2.8853776196239953,-54.51752744572075,3.233182285159818,-50.11138226070561,2.1736567325657705,-50.67328091311987,2.2938711153043316
59400,-54.024232304610514,2.900474929315793,-54.549230151345476,3.225627709679365,-50.07585182257917,2.183674519466912,-50.641396600632206,2.312408863208725
59600,-53.89404876454453,2.9154183387797934,-54.49602080800085,3.221817093717974,-50.089591282978084,2.1902665967121444,-50.6630518250185,2.30722559768042
59800,-53.72592013089911,2.9220572928523616,-54.42152058551204,3.227447758516798,-50.08053662643552,2.179471691571544,-50.696227753238475,2.2920038569018706
60000,-53.83779050244616,2.9133393322851435,-54.379542867159934,3.2231797483920785,-50.09672401253731,2.1830612330784636,-50.731000475321515,2.299158646539545
60200,-53.78743186822833,2.9106686573576495,-54.269090572152706,3.2339339358255215,-50.070199664373156,2.187258991652705,-50.72803459535973,2.2955229227782628
60400,-53.86056737700241,2.9173635540048872,-54.28054053628818,3.227332310239583,-50.12131438407083,2.183561206873391,-50.65527365924251,2.306941343454312
60600,-53.903855852989544,2.912766771292465,-54.26941018919202,3.229273189713121,-50.12305805639525,2.1879039204371864,-50.61511246912602,2.29965645175505
60800,-53.91019490279552,2.9259208100348406,-54.293774887841685,3.231226818639655,-50.04413725281613,2.19386435577412,-50.592189568583564,2.2991040264733873
61000,-53.90362672690462,2.9196307192760544,-54.26781552177591,3.2353180027609008,-50.05581902320066,2.1934738619035365,-50.57065763985781,2.293988266177908
61200,-53.815393010235745,2.9323876993739484,-54.292890660906906,3.2286528178357283,-50.012067287225754,2.20302477897003,-50.6046092161351,2.2860130147717728
61400,-53.866753515246174,2.9215749269988636,-54.306333094265675,3.227207065172128,-49.95427290676506,2.2024933001934173,-50.49651688820316,2.2845889158319066
61600,-53.892651139459794,2.918195226387514,-54.31376229631207,3.2310813687113304,-49.97792318610655,2.2079815627017196,-50.59643660835423,2.2724844139545017
61800,-53.85367309684257,2.9245990924536605,-54.20743328108558,3.2391826594351407,-49.972809127122176,2.2062851598382793,-50.5197881931232,2.277465324774365
62000,-53.85774825538562,2.9246948255329146,-54.15631295418746,3.239569180249927,-49.95550815138536,2.204862988677174,-50.54444052906992,2.286851577112523
62200,-53.871045618653994,2.9329463933538364,-54.1935393852225,3.236435647949292,-50.001398157802406,2.2090750941998496,-50.67640001283542,2.294729774035065
62400,-53.97673015288292,2.9410251034823065,-54.12748038460278,3.243776742672212,-50.042735723431285,2.2148679988090203,-50.62001284072618,2.304839224746859
62600,-53.992075788718104,2.95138407671493,-54.01758486191962,3.2570948157800412,-49.99473103839522,2.225745653863493,-50.77487328124813,2.305230207818315
62800,-53.99058470171264,2.9452773900719675,-53.978084798498465,3.269849946050443,-50.02795379122877,2.223943916647142,-50.83933148451838,2.3044781529472207
63000,-54.07785249938358,2.943682996070231,-54.0435439447235,3.261411085734889,-50.00411564136772,2.231429114246895,-50.74149115212828,2.2985405029966754
63200,-54.082608123543366,2.9447348153910498,-54.00909104782143,3.2720034421848623,-50.07015418115427,2.2278554314062986,-50.83237006692755,2.2931931932689875
63400,-54.0649865403295,2.940250837964681,-53.981065566892475,3.262883179769541,-50.12363981748442,2.237462985488667,-50.79975965812988,2.2995326839211985
63600,-54.11117025934366,2.9435360385445377,-53.834882053113894,3.284212368873586,-50.22357257734928,2.233802701025211,-50.72047994829268,2.304859588676325
63800,-54.02769084120346,2.9397217501704898,-53.94196708600843,3.280111043934093,-50.15807239854442,2.249721224287267,-50.75039792563959,2.318280831215443
64000,-54.032735290397625,2.95242613669988,-54.0556757073811,3.2644970189199647,-50.19819208669669,2.257369075385912,-50.73424731376745,2.3090338995460957
64200,-53.977167419488694,2.954189385114198,-54.031257337301284,3.2720375120313654,-50.136362703076976,2.265395947851614,-50.55091712121855,2.3203049810393583
64400,-53.92266377613082,2.9615970911376275,-53.97810617657687,3.275258240883601,-50.1562875428624,2.264170613663751,-50.5812480326528,2.3183733698533007
64600,-53.852623514521774,2.9615505915346882,-53.991958411824754,3.2693157943563977,-50.19327484839103,2.255339522290785,-50.5404561400446,2.323972188946644
64800,-53.84881926134114,2.9719728112717054,-53.85832520682685,3.2818840565017564,-50.29170608259338,2.2637488859536146,-50.5677083768163,2.347854103775949
65000,-53.81161352725238,2.9957549519736206,-53.73318224444454,3.2819325990833432,-50.18077259254534,2.2563675190828376,-50.5159882262843,2.3437945448260664
65200,-53.71635689986617,3.013257077978565,-53.711651004871065,3.273721173960447,-50.151305515955556,2.258352323327595,-50.508900250407436,2.3388912323053326
65400,-53.65340937992377,3.016319898515735,-53.63767922119533,3.2809309586486473,-50.164567059503554,2.2557337820222174,-50.519595897465585,2.341793705166182
65600,-53.621896535983915,3.007980689104104,-53.60056500726154,3.2919570052275935,-50.0244051956356,2.240809901851722,-50.65097980835802,2.3401118498801408
65800,-53.596442798032385,3.002802675972091,-53.643569439717176,3.294452862883324,-50.065883541273415,2.2405919604804105,-50.51204113801291,2.3449884953585216
66000,-53.46668704880362,2.9956459834555424,-53.69385214490928,3.2790362808394717,-50.103544475454584,2.234409995387523,-50.33489707286377,2.3421294552022593
66200,-53.42606334238349,3.000866860463047,-53.74642095399686,3.2764409631342586,-50.05635830403573,2.244606952716654,-50.380888183157715,2.3384981931969797
66400,-53.35694430984624,3.002608098648367,-53.81500322741365,3.268419891122169,-50.09942078555274,2.240967698917082,-50.348793171500404,2.354202127475959
66600,-53.30016679283586,2.979108095381778,-53.90521639453345,3.2653206218171014,-49.98356556138422,2.242438737193647,-50.343228594673555,2.349616492437555
66800,-53.240830506703475,2.9480643867061085,-53.9028700861831,3.263384373653139,-49.92055339629046,2.2400942877488035,-50.37856430105407,2.331139007668928
67000,-53.114008627461516,2.9362417718140836,-53.84203414436725,3.263655364962805,-49.933612121108915,2.241897630629399,-50.385674255162485,2.324825367653497
67200,-53.230869674853174,2.9313381138329064,-53.70237733200389,3.2747273766556004,-49.92934657550358,2.2463423448353748,-50.35712198278161,2.323087858628844
67400,-53.20869022495251,2.9049094549931844,-53.63905768960921,3.2813951633002563,-49.955661152370894,2.2407325116071735,-50.414727396478085,2.3059608802617944
67600,-53.186984560314926,2.9038523593732055,-53.7436719443626,3.2719247900077177,-49.93844321199735,2.238740002351604,-50.45466833147462,2.3111088675174534
67800,-53.195632773832166,2.8889126372674654,-53.72171856823471,3.282413961938856,-49.858902334242586,2.254873732741526,-50.45320588587619,2.3052105593552694
68000,-53.13647080650464,2.880110820014805,-53.81771602261293,3.269379315086145,-49.853077101501434,2.254820610039698,-50.43251657936971,2.2989463826116103
68200,-53.20868571996234,2.871606810306184,-53.79983789282831,3.279673020961955,-49.760455675818456,2.2533964822555617,-50.46609546269399,2.3002125443527763
68400,-53.32134112436791,2.8547939807584846,-53.86484312024242,3.261379899787482,-49.741246834340636,2.231722235257701,-50.42425810744293,2.2916595035953087
68600,-53.396728567042835,2.8551087079716186,-53.72830158267026,3.261690583028321,-49.77096840003936,2.2309328029326783,-50.451056884506485,2.2699815923136084
68800,-53.343646154969626,2.854943441477735,-53.80417640811265,3.2460011566593883,-49.806753878664516,2.230706712445641,-50.5139780693024,2.2701468579809663
69000,-53.231015709287696,2.817294607732643,-53.91826737312554,3.2335232937983176,-49.72140090829326,2.2231176397266523,-50.528647860513146,2.2719434024187333
69200,-53.14564837648331,2.802008966102534,-53.847155245123304,3.2482496164176453,-49.803011735105535,2.2246449263153516,-50.59697616388238,2.262775314679254
69400,-53.220096660454274,2.7785048609015917,-53.84293434619654,3.254661950600835,-49.80223649409747,2.2323593846556777,-50.52924986104358,2.25116280089771
69600,-53.21155913081211,2.773792171823698,-53.757066249157305,3.2557222070863956,-49.716226452897175,2.2421069772628077,-50.48387654884268,2.25418034469623
69800,-53.1327319893891,2.7398486746156063,-53.766790497465415,3.2593815942659297,-49.72444349808194,2.240562992760582,-50.407510135066524,2.2503345286273113
70000,-53.052666715127,2.7352824463944665,-53.76036633161619,3.258783443625891,-49.848617716686114,2.24767677680693,-50.335095964501214,2.2492650690324343
70200,-53.12228834996385,2.733549224355103,-53.75986430020193,3.2657969894137957,-49.90030834333518,2.246158757241759,-50.33275999826868,2.251936093311367
70400,-53.14045030999747,2.72354090733506,-53.66901920087294,3.2651257906945026,-49.796930250192226,2.24876918667496,-50.30298163353287,2.2555018339240425
70600,-53.069556518941766,2.7169456640904732,-53.599181285971596,3.269512047994339,-49.706089416176546,2.259161978712065,-50.26735768915868,2.244202486942628
70800,-52.955775653287056,2.715049768764127,-53.660208571077085,3.261340222302079,-49.75364269841845,2.24271562656156,-50.19668673298144,2.2475683990973545
71000,-52.954927893028014,2.7038492567516093,-53.564785485152576,3.26843073998084,-49.68643524028074,2.2091284476225175,-50.231818233436805,2.2545154500043965
71200,-52.971150505759276,2.6809507330657443,-53.52030167278247,3.2688735715702437,-49.70920359300797,2.2020220918663993,-50.210067502569835,2.261692218719803
71400,-53.003768627930825,2.654528004769256,-53.54383440836679,3.2613639946357713,-49.63551230425756,2.177265129661725,-50.18999926649094,2.2572037166315866
71600,-52.93315443933293,2.6573944514649073,-53.58437602350855,3.2575503584371726,-49.64773493677291,2.163754716453789,-50.16261099860405,2.2605160898691374
71800,-52.84538514882433,2.656985191718611,-53.56691016602472,3.2559937721303247,-49.59993825069016,2.1302163237065233,-50.12789511327911,2.264078286355893
72000,-52.78132172670573,2.6613275537795285,-53.51419465935561,3.2467740560148823,-49.610186899533694,2.127150265736746,-50.05049642332311,2.2728984701946753
72200,-52.6932231511811,2.6526273444798676,-53.48029171243715,3.255335830990291,-49.638212044656186,2.1427935844469372,-50.07045486307119,2.2833106240615826
72400,-52.60699597981101,2.6537382415447643,-53.59521274027218,3.246647761427243,-49.423606673099336,2.135252428860244,-50.06910026885212,2.283530652579239
72600,-52.538928912602024,2.6435978236118807,-53.61607320758366,3.2460708126203803,-49.45036591318574,2.1251952672441625,-50.08186627939417,2.2864423398836142
72800,-52.50548420339688,2.619213606895466,-53.62070176846675,3.249159026430762,-49.476483299822405,2.1278069070485794,-50.125701793757706,2.2817211094617864
73000,-52.50473388960972,2.614178847318555,-53.596441072671006,3.248618868993029,-49.51445935608548,2.1238384076829324,-50.149198663973394,2.2890891886603026
73200,-52.450668024547596,2.6102504299470066,-53.657617621410935,3.24189077841523,-49.52787317002592,2.1214291978827213,-50.12009872802983,2.291556756151938
73400,-52.51915764666125,2.6057103863953266,-53.699185514790386,3.2434779682534765,-49.44993208494253,2.0932253151676874,-50.224452043792446,2.298743408064163
73600,-52.389176305459024,2.6100256543821176,-53.72431994047922,3.2498192066524867,-49.41233007122109,2.0977984140639707,-50.29112283753453,2.290582325846012
73800,-52.387380147596886,2.6113630679614577,-53.84025922127203,3.2505694705698946,-49.56218598996534,2.082147626283572,-50.271507557579035,2.2826536573481127
74000,-52.39101201756963,2.620269939046739,-53.882800505659645,3.2463907780436774,-49.643886958340566,2.0851773001956997,-50.308250619666104,2.2726764797819934
74200,-52.40068020038533,2.6235083485865793,-53.7954832602636,3.246892719296999,-49.5864060487909,2.0814732603000303,-50.3567742624954,2.2753757227761557
74400,-52.430154552819715,2.623755696495922,-53.755421723801,3.24316263345254,-49.56389964549889,2.0535925230301695,-50.390522240998486,2.273979565676187
74600,-52.451749228314505,2.6244207183845782,-53.72786296620061,3.2458554216767106,-49.60543211469859,2.0423811303818398,-50.379132622127564,2.27768239638571
74800,-52.29410203814903,2.6292397622557235,-53.70405864295678,3.2527697577486436,-49.55267583457392,2.0038976029664077,-50.376223422475604,2.2793017898679238
